filename,ItemName,CellMin,CellMean,CellSD,ExtracellularBackground,RawMitoMean,MitoVolume_um3,RawMitoSD,MitoMeanCorr,CellMeanCorr,MitoLoc,MitoThresh,Temp
PSY106 colony 25C 01 m-25.csv,PSY106 colony 25C,191.48,662.67,197.14,515.28,1024.661557638238,2.6675,217.92574695407689,509.38155763823806,147.39,3.456011653695896,-25,25
PSY106 colony 25C 01 m-35.csv,PSY106 colony 25C,191.48,662.67,197.14,515.28,1021.702038037098,3.4072,233.1194740549425,506.422038037098,147.39,3.4359321394741706,-35,25
PSY106 colony 25C 01 m-50.csv,PSY106 colony 25C,191.48,662.67,197.14,515.28,1005.8592564504162,4.8524,236.47258882202618,490.5792564504162,147.39,3.3284432895747083,-50,25
PSY106 colony 25C 03 m-25.csv,PSY106 colony 25C,268.41,671.09,175.07,515.28,1034.8187514162703,4.412999999999999,214.71835486063904,519.5387514162703,155.81000000000006,3.3344377858691363,-25,25
PSY106 colony 25C 03 m-35.csv,PSY106 colony 25C,268.41,671.09,175.07,515.28,1028.9776087808702,5.102,215.43486867894944,513.6976087808703,155.81000000000006,3.2969489043121114,-35,25
PSY106 colony 25C 03 m-50.csv,PSY106 colony 25C,268.41,671.09,175.07,515.28,1016.6455198019801,6.4639999999999995,219.46801980198018,501.3655198019801,155.81000000000006,3.2178006533725685,-50,25
PSY106 colony 25C 04 m-25.csv,PSY106 colony 25C,250.09,687.95,210.77,515.28,994.7289680772086,6.735,287.94735560504824,479.44896807720863,172.67000000000007,2.776677871530714,-25,25
PSY106 colony 25C 04 m-35.csv,PSY106 colony 25C,250.09,687.95,210.77,515.28,990.1505957223462,7.6209999999999996,291.82093688492324,474.87059572234625,172.67000000000007,2.7501627133974984,-35,25
PSY106 colony 25C 04 m-50.csv,PSY106 colony 25C,250.09,687.95,210.77,515.28,973.3311150968535,9.757,293.9693122886133,458.05111509685355,172.67000000000007,2.652754474412772,-50,25
PSY106 colony 25C 10 01 m-25.csv,PSY106 colony 25C 10,247.39,621.53,159.82,516.09,890.7380893242826,3.8892,250.32112311015118,374.6480893242825,105.43999999999994,3.5531874935914525,-25,25
PSY106 colony 25C 10 01 m-35.csv,PSY106 colony 25C 10,247.39,621.53,159.82,516.09,882.5491597235679,4.6449,273.80192253869836,366.45915972356784,105.43999999999994,3.4755231385012144,-35,25
PSY106 colony 25C 10 01 m-50.csv,PSY106 colony 25C 10,247.39,621.53,159.82,516.09,873.3472007510562,6.391,274.0684681583477,357.2572007510562,105.43999999999994,3.3882511452110813,-50,25
PSY106 colony 25C 10 02 m-25.csv,PSY106 colony 25C 10,70.07,758.5,355.24,516.09,1179.4401057299774,6.8098,612.0863866780229,663.3501057299774,242.40999999999997,2.736479954333474,-25,25
PSY106 colony 25C 10 02 m-35.csv,PSY106 colony 25C 10,70.07,758.5,355.24,516.09,1164.556175285383,7.7177,630.2514881376576,648.466175285383,242.40999999999997,2.675080134010078,-35,25
PSY106 colony 25C 10 02 m-50.csv,PSY106 colony 25C 10,70.07,758.5,355.24,516.09,1137.671101592327,9.6651,637.7306359996275,621.581101592327,242.40999999999997,2.5641726892138403,-50,25
PSY106 colony 25C 10 03 m-25.csv,PSY106 colony 25C 10,254.5,625.81,129.6,516.09,833.1357629600054,3.0054,206.95393824449326,317.0457629600054,109.71999999999991,2.8895895275246595,-25,25
PSY106 colony 25C 10 03 m-35.csv,PSY106 colony 25C 10,254.5,625.81,129.6,516.09,828.2614117000824,3.641,207.87201043669322,312.17141170008233,109.71999999999991,2.845164160591347,-35,25
PSY106 colony 25C 10 03 m-50.csv,PSY106 colony 25C 10,254.5,625.81,129.6,516.09,814.1780234639093,5.029,206.16260489162855,298.0880234639093,109.71999999999991,2.7168066301851033,-50,25
PSY106 colony 25C 10 04 m-25.csv,PSY106 colony 25C 10,208.55,618.39,271.46,516.09,790.6587540674774,1.1678,178.15259205343384,274.56875406747736,102.29999999999995,2.6839565402490466,-25,25
PSY106 colony 25C 10 04 m-35.csv,PSY106 colony 25C 10,208.55,618.39,271.46,516.09,786.9446454330758,1.5667,180.61416416671986,270.8546454330758,102.29999999999995,2.6476504929919447,-35,25
PSY106 colony 25C 10 04 m-50.csv,PSY106 colony 25C 10,208.55,618.39,271.46,516.09,779.7553748755724,2.5115,183.1812076448338,263.6653748755724,102.29999999999995,2.577374143456232,-50,25
PSY106 colony 25C 10 05 m-25.csv,PSY106 colony 25C 10,226.31,630.53,175.55,516.09,988.5813958086201,2.529,298.4732502965599,472.49139580862004,114.43999999999994,4.128725933315452,-25,25
PSY106 colony 25C 10 05 m-35.csv,PSY106 colony 25C 10,226.31,630.53,175.55,516.09,975.509462004035,2.974,303.8350369872226,459.4194620040349,114.43999999999994,4.014500716567941,-35,25
PSY106 colony 25C 10 05 m-50.csv,PSY106 colony 25C 10,226.31,630.53,175.55,516.09,964.9563760363735,3.739,307.76794864937153,448.8663760363735,114.43999999999994,3.922285704617037,-50,25
PSY106 colony 25C 11 01 m-25.csv,PSY106 colony 25C 11,212.27,614.75,169.23,513.12,891.3825053821314,3.7159999999999997,242.91566469321853,378.2625053821314,101.63,3.7219571522398054,-25,25
PSY106 colony 25C 11 01 m-35.csv,PSY106 colony 25C 11,212.27,614.75,169.23,513.12,885.1948056698675,4.374,243.1635208047554,372.0748056698675,101.63,3.661072573746605,-35,25
PSY106 colony 25C 11 01 m-50.csv,PSY106 colony 25C 11,212.27,614.75,169.23,513.12,869.4773456895086,5.881,256.3372453664343,356.35734568950863,101.63,3.5064188299666306,-50,25
PSY106 colony 25C 11 02 m-25.csv,PSY106 colony 25C 11,232.27,641.19,213.23,513.12,1045.0585084033614,3.808,338.584293592437,531.9385084033614,128.07000000000005,4.153498152599057,-25,25
PSY106 colony 25C 11 02 m-35.csv,PSY106 colony 25C 11,232.27,641.19,213.23,513.12,1035.3401256568425,4.377,338.31437285812206,522.2201256568425,128.07000000000005,4.077614786107928,-35,25
PSY106 colony 25C 11 02 m-50.csv,PSY106 colony 25C 11,232.27,641.19,213.23,513.12,1018.1277141346492,5.674,343.99160204441307,505.0077141346492,128.07000000000005,3.9432163202518073,-50,25
PSY106 colony 25C 11 03 m-25.csv,PSY106 colony 25C 11,194.46,646.79,240.37,513.12,976.8378975519439,4.861,528.0400946307344,463.7178975519439,133.66999999999996,3.4691246917928034,-25,25
PSY106 colony 25C 11 03 m-35.csv,PSY106 colony 25C 11,194.46,646.79,240.37,513.12,964.6114894398531,5.445,515.1780330578513,451.4914894398531,133.66999999999996,3.377657585395775,-35,25
PSY106 colony 25C 11 03 m-50.csv,PSY106 colony 25C 11,194.46,646.79,240.37,513.12,943.1855813607265,6.717,495.2055024564538,430.06558136072647,133.66999999999996,3.217368005990324,-50,25
PSY106 colony 25C 11 04 m-25.csv,PSY106 colony 25C 11,233.38,636.46,196.69,513.12,976.8296127624762,3.667,396.73071720752665,463.70961276247624,123.34000000000003,3.7596044491849856,-25,25
PSY106 colony 25C 11 04 m-35.csv,PSY106 colony 25C 11,233.38,636.46,196.69,513.12,970.0473912009513,4.205,406.58799524375746,456.9273912009513,123.34000000000003,3.7046164358760434,-35,25
PSY106 colony 25C 11 04 m-50.csv,PSY106 colony 25C 11,233.38,636.46,196.69,513.12,957.9822159730036,5.334,413.63398575178104,444.8622159730036,123.34000000000003,3.6067959783768724,-50,25
PSY106 colony 25C 11 05 m-25.csv,PSY106 colony 25C 11,104.7,683,250.14,513.12,1076.0725870511424,3.676,413.9344232861806,562.9525870511424,169.88,3.3138249767550176,-25,25
PSY106 colony 25C 11 05 m-35.csv,PSY106 colony 25C 11,104.7,683,250.14,513.12,1065.226002788752,4.303,409.83628166395545,552.1060027887521,169.88,3.2499764703835186,-35,25
PSY106 colony 25C 11 05 m-50.csv,PSY106 colony 25C 11,104.7,683,250.14,513.12,1044.9872415640064,5.601,411.95465809676847,531.8672415640063,169.88,3.13084083802688,-50,25
PSY106 colony 25C 12 01 m-25.csv,PSY106 colony 25C 12,262.03,638.27,168.34,511.09,986.6534703353396,4.0705,256.189026409532,475.5634703353397,127.18,3.739294467175182,-25,25
PSY106 colony 25C 12 01 m-35.csv,PSY106 colony 25C 12,262.03,638.27,168.34,511.09,968.4847137205913,4.803,252.4053341661462,457.39471372059137,127.18,3.596435868222923,-35,25
PSY106 colony 25C 12 01 m-50.csv,PSY106 colony 25C 12,262.03,638.27,168.34,511.09,941.2297194772076,6.274,250.4703506534906,430.1397194772076,127.18,3.3821333501903412,-50,25
PSY106 colony 25C 12 04 m-25.csv,PSY106 colony 25C 12,241.82,632.85,161.47,511.09,1010.4355341792877,2.443,272.61569791240277,499.34553417928777,121.76000000000005,4.101063848384425,-25,25
PSY106 colony 25C 12 04 m-35.csv,PSY106 colony 25C 12,241.82,632.85,161.47,511.09,994.5248868127918,2.783,272.4853036291771,483.43488681279183,121.76000000000005,3.970391645965766,-35,25
PSY106 colony 25C 12 04 m-50.csv,PSY106 colony 25C 12,241.82,632.85,161.47,511.09,966.5526219162363,3.486,281.8322604704532,455.4626219162363,121.76000000000005,3.7406588527943176,-50,25
PSY106 colony 25C 13 02 m-25.csv,PSY106 colony 25C 13,300.48,634.5,141.91,522.31,929.5584320248391,3.1563000000000003,197.03305230808223,407.2484320248392,112.19000000000005,3.629988697966298,-25,25
PSY106 colony 25C 13 02 m-35.csv,PSY106 colony 25C 13,300.48,634.5,141.91,522.31,921.6519720186543,3.6024000000000003,201.03441205862757,399.34197201865436,112.19000000000005,3.5595148588880843,-35,25
PSY106 colony 25C 13 02 m-50.csv,PSY106 colony 25C 13,300.48,634.5,141.91,522.31,907.0101730587228,4.4378,204.06715850196042,384.70017305872284,112.19000000000005,3.4290059101410346,-50,25
PSY106 colony 25C 13 03 m-25.csv,PSY106 colony 25C 13,302.08,641.85,163.11,522.31,962.025816122585,3.002,267.1105596269154,439.715816122585,119.54000000000008,3.678398997177386,-25,25
PSY106 colony 25C 13 03 m-35.csv,PSY106 colony 25C 13,302.08,641.85,163.11,522.31,957.0657566938299,3.436,269.0636786961584,434.75575669383,119.54000000000008,3.6369061125466766,-35,25
PSY106 colony 25C 13 03 m-50.csv,PSY106 colony 25C 13,302.08,641.85,163.11,522.31,949.2882832913134,4.3629999999999995,273.6081686912675,426.97828329131346,119.54000000000008,3.5718444310800836,-50,25
PSY106 colony 25C 14 01 m-25.csv,PSY106 colony 25C 14,251.02,634.14,167.39,518.82,1019.4469151414308,3.005,209.96162063227953,500.6269151414308,115.31999999999994,4.341197668586811,-25,25
PSY106 colony 25C 14 01 m-35.csv,PSY106 colony 25C 14,251.02,634.14,167.39,518.82,1010.5928187134504,3.42,212.8318918128655,491.7728187134503,115.31999999999994,4.264419170251912,-35,25
PSY106 colony 25C 14 01 m-50.csv,PSY106 colony 25C 14,251.02,634.14,167.39,518.82,991.8947793602615,4.283,219.8894653280411,473.07477936026146,115.31999999999994,4.1022786971926966,-50,25
PSY106 colony 25C 14 02 m-25.csv,PSY106 colony 25C 14,242.72,647.33,177.41,518.82,973.1923512747876,3.5300000000000002,228.68257790368267,454.37235127478755,128.51,3.535696453776263,-25,25
PSY106 colony 25C 14 02 m-35.csv,PSY106 colony 25C 14,242.72,647.33,177.41,518.82,966.6195073891624,4.0600000000000005,231.89187192118223,447.7995073891624,128.51,3.484549897978075,-35,25
PSY106 colony 25C 14 02 m-50.csv,PSY106 colony 25C 14,242.72,647.33,177.41,518.82,951.63107421875,5.12,231.334765625,432.8110742187499,128.51,3.3679174711598314,-50,25
PSY106 colony 25C 14 03 m-25.csv,PSY106 colony 25C 14,267.08,650.62,193.52,518.82,967.9598956586549,1.6100999999999999,215.7564430780697,449.13989565865484,131.79999999999995,3.407738206818323,-25,25
PSY106 colony 25C 14 03 m-35.csv,PSY106 colony 25C 14,267.08,650.62,193.52,518.82,962.012137755102,1.96,219.64720918367345,443.19213775510195,131.79999999999995,3.362611060357376,-35,25
PSY106 colony 25C 14 03 m-50.csv,PSY106 colony 25C 14,267.08,650.62,193.52,518.82,961.5677981308411,2.675,265.1986841121495,442.74779813084103,131.79999999999995,3.359239743026109,-50,25
PSY106 colony 25C 14 04 m-25.csv,PSY106 colony 25C 14,258.8,654.19,165.12,518.82,1042.8301324953839,3.0869,212.0504059088406,524.0101324953838,135.37,3.870947274103448,-25,25
PSY106 colony 25C 14 04 m-35.csv,PSY106 colony 25C 14,258.8,654.19,165.12,518.82,1034.5271445020148,3.474,216.11918537708692,515.7071445020148,135.37,3.8096117640689573,-35,25
PSY106 colony 25C 14 04 m-50.csv,PSY106 colony 25C 14,258.8,654.19,165.12,518.82,1009.2458201422345,4.359,220.63379444826796,490.42582014223444,135.37,3.6228545478483745,-50,25
PSY106 colony 25C 15 04 m-25.csv,PSY106 colony 25C 15,236.39,656.18,176.68,517.16,956.8511461067367,3.4290000000000003,230.38724992709243,439.6911461067367,139.01999999999998,3.162790577663191,-25,25
PSY106 colony 25C 15 04 m-35.csv,PSY106 colony 25C 15,236.39,656.18,176.68,517.16,951.8899843627834,3.837,232.29491529841022,434.7299843627834,139.01999999999998,3.127103901329186,-35,25
PSY106 colony 25C 15 04 m-50.csv,PSY106 colony 25C 15,236.39,656.18,176.68,517.16,939.890944549863,4.743,232.436082648113,422.730944549863,139.01999999999998,3.040792292834578,-50,25
PSY106 colony 25C 15 05 m-25.csv,PSY106 colony 25C 15,223.55,660.71,176.38,517.16,1048.3832352086763,3.0981,257.9423201316936,531.2232352086763,143.55000000000007,3.7006146653338634,-25,25
PSY106 colony 25C 15 05 m-35.csv,PSY106 colony 25C 15,223.55,660.71,176.38,517.16,1038.7398853510415,3.5238,262.5930325217095,521.5798853510415,143.55000000000007,3.6334370278721093,-35,25
PSY106 colony 25C 15 05 m-50.csv,PSY106 colony 25C 15,223.55,660.71,176.38,517.16,1012.4123168178647,4.4423,265.1465740719897,495.25231681786477,143.55000000000007,3.4500335549833823,-50,25
PSY106 colony 25C 15 06 m-25.csv,PSY106 colony 25C 15,258.13,650.7,160.83,517.16,897.2886086044072,4.765,218.0628205666317,380.1286086044072,133.54000000000008,2.846552408300187,-25,25
PSY106 colony 25C 15 06 m-35.csv,PSY106 colony 25C 15,258.13,650.7,160.83,517.16,890.6882208588958,5.542,220.07154456874773,373.5282208588958,133.54000000000008,2.797126110969714,-35,25
PSY106 colony 25C 15 06 m-50.csv,PSY106 colony 25C 15,258.13,650.7,160.83,517.16,877.685144375808,6.961,223.33114207728772,360.52514437580805,133.54000000000008,2.699753964174089,-50,25
PSY106 colony 25C 16 01 m-25.csv,PSY106 colony 25C 16,268.65,560.81,125.37,476.68,718.3787449592626,4.8604,112.68056415109868,241.69874495926257,84.12999999999994,2.8729198259748334,-25,25
PSY106 colony 25C 16 01 m-35.csv,PSY106 colony 25C 16,268.65,560.81,125.37,476.68,712.8999207852592,5.807,112.4447528844498,236.21992078525915,84.12999999999994,2.8077965147421766,-35,25
PSY106 colony 25C 16 01 m-50.csv,PSY106 colony 25C 16,268.65,560.81,125.37,476.68,706.4815096709369,7.962,111.49932680231099,229.80150967093692,84.12999999999994,2.731504928930668,-50,25
PSY106 colony 25C 16 02 m-25.csv,PSY106 colony 25C 16,234.52,580.19,134.97,476.68,899.8014830466506,3.0289,318.97206939813134,423.12148304665055,103.51000000000005,4.087735320709597,-25,25
PSY106 colony 25C 16 02 m-35.csv,PSY106 colony 25C 16,234.52,580.19,134.97,476.68,878.3400481603272,3.8621,301.9089306335931,401.6600481603272,103.51000000000005,3.8803984944481407,-35,25
PSY106 colony 25C 16 02 m-50.csv,PSY106 colony 25C 16,234.52,580.19,134.97,476.68,844.1310635523082,5.9809,282.4364329783143,367.4510635523082,103.51000000000005,3.549908835400522,-50,25
PSY106 colony 25C 16 03 m-25.csv,PSY106 colony 25C 16,208.81,599.33,133.25,476.68,808.0000391293715,4.0889999999999995,135.9704891171436,331.32003912937154,122.65000000000003,2.701345610512609,-25,25
PSY106 colony 25C 16 03 m-35.csv,PSY106 colony 25C 16,208.81,599.33,133.25,476.68,802.915,4.68,138.70333333333335,326.23499999999996,122.65000000000003,2.6598858540562564,-35,25
PSY106 colony 25C 16 03 m-50.csv,PSY106 colony 25C 16,208.81,599.33,133.25,476.68,786.1460646108663,6.1290000000000004,146.27308696361558,309.46606461086634,122.65000000000003,2.5231640000885958,-50,25
PSY106 colony 25C 16 04 m-25.csv,PSY106 colony 25C 16,278.38,583.09,117.74,476.68,800.3454259359739,3.686,150.5541427021161,323.66542593597393,106.41000000000003,3.041682416464372,-25,25
PSY106 colony 25C 16 04 m-35.csv,PSY106 colony 25C 16,278.38,583.09,117.74,476.68,792.5274835216572,4.248,151.89235875706214,315.84748352165724,106.41000000000003,2.9682124191491135,-35,25
PSY106 colony 25C 16 04 m-50.csv,PSY106 colony 25C 16,278.38,583.09,117.74,476.68,776.2652641756036,5.5853,160.75054607630744,299.58526417560364,106.41000000000003,2.8153863751113954,-50,25
PSY106 colony 25C 17 01 m-25.csv,PSY106 colony 25C 17,311.16,652.92,157.19,512.29,981.319216080402,1.99,180.19096984924624,469.0292160804021,140.63,3.335200285006059,-25,25
PSY106 colony 25C 17 01 m-35.csv,PSY106 colony 25C 17,311.16,652.92,157.19,512.29,970.9172115384616,2.496,189.90394230769232,458.62721153846167,140.63,3.2612331048742207,-35,25
PSY106 colony 25C 17 01 m-50.csv,PSY106 colony 25C 17,311.16,652.92,157.19,512.29,956.1845402298851,3.4799999999999995,189.86459770114945,443.89454022988514,140.63,3.156471167104353,-50,25
PSY106 colony 25C 17 02 m-25.csv,PSY106 colony 25C 17,315.15,650.98,144.03,512.29,836.1411719394773,3.6350000000000002,171.1967235213205,323.85117193947735,138.69000000000005,2.335072261442622,-25,25
PSY106 colony 25C 17 02 m-35.csv,PSY106 colony 25C 17,315.15,650.98,144.03,512.29,828.6728707799767,4.295,168.3904516880093,316.38287077997677,138.69000000000005,2.2812233814981373,-35,25
PSY106 colony 25C 17 02 m-50.csv,PSY106 colony 25C 17,315.15,650.98,144.03,512.29,824.0910962754743,5.692,180.38154602951508,311.8010962754744,138.69000000000005,2.2481872973932817,-50,25
PSY106 colony 25C 17 03 m-25.csv,PSY106 colony 25C 17,301.07,638.37,138.03,512.29,916.8806315789474,3.8000000000000003,143.4302105263158,404.5906315789474,126.08000000000004,3.208999298690889,-25,25
PSY106 colony 25C 17 03 m-35.csv,PSY106 colony 25C 17,301.07,638.37,138.03,512.29,902.8913487767916,4.619,145.55539077722452,390.6013487767916,126.08000000000004,3.0980436927093233,-35,25
PSY106 colony 25C 17 03 m-50.csv,PSY106 colony 25C 17,301.07,638.37,138.03,512.29,882.0013479623825,6.38,145.8935736677116,369.71134796238255,126.08000000000004,2.932355234473211,-50,25
PSY106 colony 25C 18 01 m-25.csv,PSY106 colony 25C 18,269.55,616.99,136.83,516.56,860.6999833702882,3.608,167.23560975609755,344.1399833702883,100.43000000000006,3.4266651734570157,-25,25
PSY106 colony 25C 18 01 m-35.csv,PSY106 colony 25C 18,269.55,616.99,136.83,516.56,859.3979906542055,4.28,166.94093457943924,342.83799065420556,100.43000000000006,3.41370099227527,-35,25
PSY106 colony 25C 18 01 m-50.csv,PSY106 colony 25C 18,269.55,616.99,136.83,516.56,852.9542465753425,5.84,168.3690068493151,336.39424657534255,100.43000000000006,3.3495394461350427,-50,25
PSY106 colony 25C 18 04 m-25.csv,PSY106 colony 25C 18,267.25,680.42,229.25,516.56,928.4376759410801,6.11,211.1763993453355,411.87767594108016,163.86,2.513594995368486,-25,25
PSY106 colony 25C 18 04 m-35.csv,PSY106 colony 25C 18,267.25,680.42,229.25,516.56,922.9524623331898,6.968999999999999,210.0556952216961,406.3924623331899,163.86,2.4801199947100563,-35,25
PSY106 colony 25C 18 04 m-50.csv,PSY106 colony 25C 18,267.25,680.42,229.25,516.56,917.5283053157656,8.804,211.46997273966377,400.96830531576563,163.86,2.447017608420393,-50,25
PSY106 colony 25C 18 05 m-25.csv,PSY106 colony 25C 18,173.23,666.45,232.35,516.56,957.387718446602,5.356,198.25031366691562,440.82771844660203,149.8900000000001,2.941008195654158,-25,25
PSY106 colony 25C 18 05 m-35.csv,PSY106 colony 25C 18,173.23,666.45,232.35,516.56,950.7634686528073,6.109,198.5015534457358,434.2034686528074,149.8900000000001,2.8968141213743883,-35,25
PSY106 colony 25C 18 05 m-50.csv,PSY106 colony 25C 18,173.23,666.45,232.35,516.56,942.3985149292822,7.636,209.35336563645888,425.83851492928227,149.8900000000001,2.8410068378763227,-50,25
PSY106 colony 25C 18 06 m-25.csv,PSY106 colony 25C 18,286.03,658.9,223.36,516.56,890.8841339396444,4.838,189.92879495659363,374.3241339396444,142.34000000000003,2.629788772935537,-25,25
PSY106 colony 25C 18 06 m-35.csv,PSY106 colony 25C 18,286.03,658.9,223.36,516.56,884.7986298932384,5.62,195.9448434163701,368.23862989323845,142.34000000000003,2.587035477681877,-35,25
PSY106 colony 25C 18 06 m-50.csv,PSY106 colony 25C 18,286.03,658.9,223.36,516.56,880.8416914191419,7.272,226.3037403740374,364.2816914191419,142.34000000000003,2.559236275250399,-50,25
PSY106 colony 25C 18 07 m-25.csv,PSY106 colony 25C 18,262.6,661.13,170.92,516.56,922.7986190733731,5.547,221.7383775013521,406.2386190733731,144.57000000000005,2.809978689032116,-25,25
PSY106 colony 25C 18 07 m-35.csv,PSY106 colony 25C 18,262.6,661.13,170.92,516.56,916.0985793015159,6.4053,221.9880552042839,399.53857930151594,144.57000000000005,2.7636340824618926,-35,25
PSY106 colony 25C 18 07 m-50.csv,PSY106 colony 25C 18,262.6,661.13,170.92,516.56,902.0011904324952,8.1735,220.79576497216613,385.4411904324952,144.57000000000005,2.6661215358130668,-50,25
PSY106 colony 25C 2 01 m-25.csv,PSY106 colony 25C 2,135.97,651.04,272.32,513.2,956.1463755904858,3.6199000000000003,213.27095140749742,442.9463755904858,137.83999999999992,3.2134821212310363,-25,25
PSY106 colony 25C 2 01 m-35.csv,PSY106 colony 25C 2,135.97,651.04,272.32,513.2,943.3281631722881,4.388,211.10439380127622,430.12816317228805,137.83999999999992,3.1204887055447497,-35,25
PSY106 colony 25C 2 01 m-50.csv,PSY106 colony 25C 2,135.97,651.04,272.32,513.2,922.6056187545497,6.0444,207.1971031036993,409.40561875454966,137.83999999999992,2.9701510356540184,-50,25
PSY106 colony 25C 2 02 m-25.csv,PSY106 colony 25C 2,257.26,647.58,164.5,513.2,963.766183127572,4.86,297.39044238683124,450.566183127572,134.38,3.3529259051017415,-25,25
PSY106 colony 25C 2 02 m-35.csv,PSY106 colony 25C 2,257.26,647.58,164.5,513.2,957.1382095028436,5.451,294.6148890111906,443.9382095028435,134.38,3.303603285480306,-35,25
PSY106 colony 25C 2 02 m-50.csv,PSY106 colony 25C 2,257.26,647.58,164.5,513.2,937.8577779398892,6.854,290.86564196089876,424.6577779398891,134.38,3.160126342758514,-50,25
PSY106 colony 25C 2 03 m-25.csv,PSY106 colony 25C 2,287.4,637.76,147.93,513.2,974.8843886557661,2.0733,207.82791925915208,461.68438865576604,124.55999999999995,3.7065220669216945,-25,25
PSY106 colony 25C 2 03 m-35.csv,PSY106 colony 25C 2,287.4,637.76,147.93,513.2,970.8302005267118,2.658,210.9350959367946,457.63020052671175,124.55999999999995,3.6739739926678867,-35,25
PSY106 colony 25C 2 03 m-50.csv,PSY106 colony 25C 2,287.4,637.76,147.93,513.2,955.5069752149723,3.9539999999999997,221.23247344461305,442.3069752149722,124.55999999999995,3.550955163896696,-50,25
PSY106 colony 25C 2 04 m-25.csv,PSY106 colony 25C 2,225.24,654.38,347.69,513.2,991.4446333853352,4.1665,290.45603504140166,478.2446333853352,141.17999999999995,3.3874814661094725,-25,25
PSY106 colony 25C 2 04 m-35.csv,PSY106 colony 25C 2,225.24,654.38,347.69,513.2,981.4278819810326,4.745,295.00096733403586,468.2278819810325,141.17999999999995,3.316531250751046,-35,25
PSY106 colony 25C 2 04 m-50.csv,PSY106 colony 25C 2,225.24,654.38,347.69,513.2,961.2155122113861,5.9985,293.103343335834,448.01551221138607,141.17999999999995,3.173363877400384,-50,25
PSY106 colony 25C 2 05 m-25.csv,PSY106 colony 25C 2,299.19,653,171.62,513.2,1074.8481573498964,2.415,330.50812422360247,561.6481573498963,139.79999999999995,4.017511855149475,-25,25
PSY106 colony 25C 2 05 m-35.csv,PSY106 colony 25C 2,299.19,653,171.62,513.2,1061.796087873462,2.845,328.07563444639715,548.596087873462,139.79999999999995,3.924149412542648,-35,25
PSY106 colony 25C 2 05 m-50.csv,PSY106 colony 25C 2,299.19,653,171.62,513.2,1028.1038911599385,3.914,320.820442003066,514.9038911599384,139.79999999999995,3.683146574820734,-50,25
PSY106 colony 25C 2 06 m-25.csv,PSY106 colony 25C 2,287.35,637.29,160.34,513.2,929.7729310985899,3.4962999999999997,262.0993198524154,416.57293109858983,124.08999999999992,3.357022573121042,-25,25
PSY106 colony 25C 2 06 m-35.csv,PSY106 colony 25C 2,287.35,637.29,160.34,513.2,925.0443250995638,4.2184,260.84511117959414,411.8443250995638,124.08999999999992,3.3189163115445566,-35,25
PSY106 colony 25C 2 06 m-50.csv,PSY106 colony 25C 2,287.35,637.29,160.34,513.2,908.4583063945767,5.7970999999999995,265.5366914491729,395.2583063945766,124.08999999999992,3.1852551083453693,-50,25
PSY106 colony 25C 3 01 m-25.csv,PSY106 colony 25C 3,249.69,620.22,196.19,506.16,946.3005732984294,3.82,387.71210471204193,440.1405732984294,114.06,3.858851247575218,-25,25
PSY106 colony 25C 3 01 m-35.csv,PSY106 colony 25C 3,249.69,620.22,196.19,506.16,939.4322422857143,4.375,382.3139725714285,433.2722422857143,114.06,3.7986344229853963,-35,25
PSY106 colony 25C 3 01 m-50.csv,PSY106 colony 25C 3,249.69,620.22,196.19,506.16,917.1060986143603,5.5569999999999995,361.54133705236643,410.9460986143603,114.06,3.602894078681048,-50,25
PSY106 colony 25C 3 02 m-25.csv,PSY106 colony 25C 3,135.67,634.84,268.84,506.16,960.1458295122968,4.798,355.6774447686536,453.9858295122968,128.68,3.5280216779009694,-25,25
PSY106 colony 25C 3 02 m-35.csv,PSY106 colony 25C 3,135.67,634.84,268.84,506.16,958.1718756815704,5.502,386.14186841148677,452.0118756815704,128.68,3.512681657457028,-35,25
PSY106 colony 25C 3 02 m-50.csv,PSY106 colony 25C 3,135.67,634.84,268.84,506.16,962.1641080220098,6.906,458.9909252823631,456.0041080220098,128.68,3.5437061549736537,-50,25
PSY106 colony 25C 3 03 m-25.csv,PSY106 colony 25C 3,232.1,635.14,184.19,506.16,1023.2078808343988,2.5024,372.4290205402813,517.0478808343987,128.97999999999996,4.008744618036896,-25,25
PSY106 colony 25C 3 03 m-35.csv,PSY106 colony 25C 3,232.1,635.14,184.19,506.16,1010.198368604689,3.0667,368.92945511461835,504.03836860468897,128.97999999999996,3.9078800481058233,-35,25
PSY106 colony 25C 3 03 m-50.csv,PSY106 colony 25C 3,232.1,635.14,184.19,506.16,987.0481403574968,4.2406,375.96593925387924,480.88814035749675,128.97999999999996,3.728393086970824,-50,25
PSY106 colony 25C 3 04 m-25.csv,PSY106 colony 25C 3,237.53,640.54,171.88,506.16,903.7720830769231,3.25,252.53226461538458,397.61208307692306,134.37999999999994,2.9588635442545264,-25,25
PSY106 colony 25C 3 04 m-35.csv,PSY106 colony 25C 3,237.53,640.54,171.88,506.16,899.7283158995817,3.824,255.81671548117157,393.5683158995817,134.37999999999994,2.9287715128708283,-35,25
PSY106 colony 25C 3 04 m-50.csv,PSY106 colony 25C 3,237.53,640.54,171.88,506.16,894.6965931863728,4.99,263.1866933867735,388.5365931863727,134.37999999999994,2.891327527804531,-50,25
PSY106 colony 25C 4 01 m-25.csv,PSY106 colony 25C 4,203.52,635.88,169.69,513.95,932.0827385071676,4.046,237.47115669797333,418.1327385071676,121.92999999999995,3.429285151375115,-25,25
PSY106 colony 25C 4 01 m-35.csv,PSY106 colony 25C 4,203.52,635.88,169.69,513.95,923.3509049380032,4.5969999999999995,237.92358059604092,409.4009049380031,121.92999999999995,3.3576716553596597,-35,25
PSY106 colony 25C 4 01 m-50.csv,PSY106 colony 25C 4,203.52,635.88,169.69,513.95,909.1684663010791,5.653,239.58624270298958,395.21846630107905,121.92999999999995,3.2413554195118444,-50,25
PSY106 colony 25C 4 02 m-25.csv,PSY106 colony 25C 4,240.08,642.43,181.78,513.95,990.8503195944458,4.537,260.9292858717214,476.9003195944457,128.4799999999999,3.7118642558720896,-25,25
PSY106 colony 25C 4 02 m-35.csv,PSY106 colony 25C 4,240.08,642.43,181.78,513.95,981.7141715807495,5.257,271.99565531672056,467.76417158074946,128.4799999999999,3.6407547601241426,-35,25
PSY106 colony 25C 4 02 m-50.csv,PSY106 colony 25C 4,240.08,642.43,181.78,513.95,964.5324542454244,6.666,273.96201020102006,450.5824542454244,128.4799999999999,3.507024083479333,-50,25
PSY106 colony 25C 4 03 m-25.csv,PSY106 colony 25C 4,201.69,698.38,230.03,513.95,1119.0664230965763,3.9139999999999997,354.86353857945835,605.1164230965762,184.42999999999995,3.2810086379470604,-25,25
PSY106 colony 25C 4 03 m-35.csv,PSY106 colony 25C 4,201.69,698.38,230.03,513.95,1111.0645278776979,4.448,360.68645008992803,597.1145278776978,184.42999999999995,3.2376214708978908,-35,25
PSY106 colony 25C 4 03 m-50.csv,PSY106 colony 25C 4,201.69,698.38,230.03,513.95,1087.4099822820694,5.644,361.76485116938346,573.4599822820694,184.42999999999995,3.1093638902676872,-50,25
PSY106 colony 25C 4 04 m-25.csv,PSY106 colony 25C 4,123.5,685.77,252.61,513.95,1000.8012649126825,5.6747000000000005,277.6364198988493,486.8512649126825,171.81999999999994,2.8334958963606254,-25,25
PSY106 colony 25C 4 04 m-35.csv,PSY106 colony 25C 4,123.5,685.77,252.61,513.95,986.041467409987,6.6907,281.51985068826883,472.091467409987,171.81999999999994,2.7475932220346126,-35,25
PSY106 colony 25C 4 04 m-50.csv,PSY106 colony 25C 4,123.5,685.77,252.61,513.95,963.2737312444838,9.064,290.30676301853487,449.3237312444837,171.81999999999994,2.615083990481224,-50,25
PSY106 colony 25C 5 01 m-25.csv,PSY106 colony 25C 5,264.79,626.06,136.26,515.08,844.5116108171663,3.402,157.86929453262786,329.4316108171663,110.9799999999999,2.968387194243707,-25,25
PSY106 colony 25C 5 01 m-35.csv,PSY106 colony 25C 5,264.79,626.06,136.26,515.08,838.376224336505,3.9939999999999998,170.32386579869805,323.2962243365049,110.9799999999999,2.9131034811362877,-35,25
PSY106 colony 25C 5 01 m-50.csv,PSY106 colony 25C 5,264.79,626.06,136.26,515.08,822.4063476635514,5.35,166.36341308411215,307.32634766355136,110.9799999999999,2.769204790624902,-50,25
PSY106 colony 25C 5 02 m-25.csv,PSY106 colony 25C 5,280.03,634.45,154.45,515.08,956.8179556650246,4.0600000000000005,240.62711576354678,441.7379556650245,119.37,3.7005776632740597,-25,25
PSY106 colony 25C 5 02 m-35.csv,PSY106 colony 25C 5,280.03,634.45,154.45,515.08,948.5699827213824,4.63,243.2919654427646,433.4899827213824,119.37,3.6314818021394184,-35,25
PSY106 colony 25C 5 02 m-50.csv,PSY106 colony 25C 5,280.03,634.45,154.45,515.08,929.4772951240377,5.845,246.4648639863131,414.39729512403767,119.37,3.471536358582874,-50,25
PSY106 colony 25C 5 03 m-25.csv,PSY106 colony 25C 5,232.4,648.74,153.65,515.08,996.6941074380167,4.84,196.96294008264465,481.6141074380166,133.65999999999997,3.6032777752357976,-25,25
PSY106 colony 25C 5 03 m-35.csv,PSY106 colony 25C 5,232.4,648.74,153.65,515.08,984.6192386609072,5.556,203.28160907127432,469.53923866090713,133.65999999999997,3.5129375928543114,-35,25
PSY106 colony 25C 5 03 m-50.csv,PSY106 colony 25C 5,232.4,648.74,153.65,515.08,959.5196693177062,7.167,207.37214873726805,444.43966931770615,133.65999999999997,3.3251509001773623,-50,25
PSY106 colony 25C 5 05 m-25.csv,PSY106 colony 25C 5,279.91,639.55,155.15,515.08,897.963014905149,4.428,242.3333288166215,382.8830149051489,124.46999999999991,3.0761068121246016,-25,25
PSY106 colony 25C 5 05 m-35.csv,PSY106 colony 25C 5,279.91,639.55,155.15,515.08,887.5221966115051,5.0760000000000005,245.35880220646175,372.4421966115051,124.46999999999991,2.992224605218168,-35,25
PSY106 colony 25C 5 05 m-50.csv,PSY106 colony 25C 5,279.91,639.55,155.15,515.08,873.307156110045,6.252,251.5335828534869,358.2271561100449,124.46999999999991,2.8780200539089353,-50,25
PSY106 colony 25C 6 02 m-25.csv,PSY106 colony 25C 6,288.57,633.94,161.78,515.82,914.5052606635071,1.4769999999999999,222.3871834800271,398.68526066350705,118.12,3.375256185773002,-25,25
PSY106 colony 25C 6 02 m-35.csv,PSY106 colony 25C 6,288.57,633.94,161.78,515.82,908.4348665530948,1.761,224.03838727995458,392.61486655309477,118.12,3.323864430689932,-35,25
PSY106 colony 25C 6 02 m-50.csv,PSY106 colony 25C 6,288.57,633.94,161.78,515.82,898.645300306883,2.2809999999999997,224.44084612012276,382.8253003068829,118.12,3.2409862877318227,-50,25
PSY106 colony 25C 6 03 m-25.csv,PSY106 colony 25C 6,214.87,644.92,182.98,515.82,929.6021634615386,3.744,251.77844017094017,413.7821634615385,129.0999999999999,3.2051290740630427,-25,25
PSY106 colony 25C 6 03 m-35.csv,PSY106 colony 25C 6,214.87,644.92,182.98,515.82,921.8330703624733,4.221,249.03464108031272,406.0130703624733,129.0999999999999,3.1449501964560307,-35,25
PSY106 colony 25C 6 03 m-50.csv,PSY106 colony 25C 6,214.87,644.92,182.98,515.82,909.3607184466018,5.15,249.86155339805825,393.5407184466018,129.0999999999999,3.0483401893617508,-50,25
PSY106 colony 25C 7 01 m-25.csv,PSY106 colony 25C 7,288.39,656.59,178.34,533.52,914.6234365815058,4.423,182.37213429798777,381.1034365815058,123.07000000000005,3.0966396082026946,-25,25
PSY106 colony 25C 7 01 m-35.csv,PSY106 colony 25C 7,288.39,656.59,178.34,533.52,907.4188333661223,5.083,184.40562266378123,373.8988333661223,123.07000000000005,3.038098914163664,-35,25
PSY106 colony 25C 7 01 m-50.csv,PSY106 colony 25C 7,288.39,656.59,178.34,533.52,895.4792496171517,6.529999999999999,186.69311638591117,361.9592496171517,123.07000000000005,2.941084339133433,-50,25
PSY106 colony 25C 7 02 m-25.csv,PSY106 colony 25C 7,197.11,695.54,292.4,533.52,918.4669909054962,5.058,251.21296559905102,384.94699090549625,162.01999999999998,2.3759226694574513,-25,25
PSY106 colony 25C 7 02 m-35.csv,PSY106 colony 25C 7,197.11,695.54,292.4,533.52,912.3062026647966,5.704,250.91481416549792,378.78620266479663,162.01999999999998,2.337897806843579,-35,25
PSY106 colony 25C 7 02 m-50.csv,PSY106 colony 25C 7,197.11,695.54,292.4,533.52,896.897411898987,7.009,246.81489798830074,363.377411898987,162.01999999999998,2.242793555727608,-50,25
PSY106 colony 25C 7 03 m-25.csv,PSY106 colony 25C 7,291.65,645.91,150.74,533.52,917.2598426044605,1.9505000000000001,178.69536324019484,383.7398426044605,112.38999999999999,3.414359307807283,-25,25
PSY106 colony 25C 7 03 m-35.csv,PSY106 colony 25C 7,291.65,645.91,150.74,533.52,916.1245677846008,2.3287,182.05818353587838,382.6045677846008,112.38999999999999,3.404258099338027,-35,25
PSY106 colony 25C 7 03 m-50.csv,PSY106 colony 25C 7,291.65,645.91,150.74,533.52,913.6001609195403,3.045,183.68133990147783,380.0801609195403,112.38999999999999,3.381796965206338,-50,25
PSY106 colony 25C 8 01 m-25.csv,PSY106 colony 25C 8,170.56,664.87,190.97,531.52,959.0534985074627,4.1875,209.9385767164179,427.5334985074627,133.35000000000002,3.206100476246439,-25,25
PSY106 colony 25C 8 01 m-35.csv,PSY106 colony 25C 8,170.56,664.87,190.97,531.52,952.0381269446174,4.821,214.17172993154946,420.5181269446174,133.35000000000002,3.153491765613928,-35,25
PSY106 colony 25C 8 01 m-50.csv,PSY106 colony 25C 8,170.56,664.87,190.97,531.52,935.7237180106229,6.213,219.32049734427812,404.2037180106229,133.35000000000002,3.0311489914557392,-50,25
PSY106 colony 25C 8 02 m-25.csv,PSY106 colony 25C 8,257.25,668.75,333.98,531.52,958.200846187748,4.538,242.06568973115913,426.680846187748,137.23000000000002,3.109238841271937,-25,25
PSY106 colony 25C 8 02 m-35.csv,PSY106 colony 25C 8,257.25,668.75,333.98,531.52,952.1858968347009,5.118,243.3568894099257,420.6658968347009,137.23000000000002,3.0654076866188213,-35,25
PSY106 colony 25C 8 02 m-50.csv,PSY106 colony 25C 8,257.25,668.75,333.98,531.52,936.3060095389508,6.29,243.34514626391095,404.7860095389508,137.23000000000002,2.949690370465283,-50,25
PSY106 colony 25C 8 03 m-25.csv,PSY106 colony 25C 8,265.41,666.73,177.52,531.52,925.3029880478088,2.761,229.46666425208255,393.7829880478088,135.21000000000004,2.9123806526722036,-25,25
PSY106 colony 25C 8 03 m-35.csv,PSY106 colony 25C 8,265.41,666.73,177.52,531.52,925.0434283903675,3.156,234.3965589353612,393.5234283903675,135.21000000000004,2.9104609747087298,-35,25
PSY106 colony 25C 8 03 m-50.csv,PSY106 colony 25C 8,265.41,666.73,177.52,531.52,924.9004460503364,4.013,241.7452504360827,393.38044605033645,135.21000000000004,2.909403491238343,-50,25
PSY106 colony 25C 8 04 m-25.csv,PSY106 colony 25C 8,249.72,658.38,169.88,531.52,1040.179,2.3,197.69565217391306,508.6590000000001,126.86000000000001,4.009609017814914,-25,25
PSY106 colony 25C 8 04 m-35.csv,PSY106 colony 25C 8,249.72,658.38,169.88,531.52,1033.6547407407406,2.7,198.27992592592594,502.13474074074065,126.86000000000001,3.9581802044832144,-35,25
PSY106 colony 25C 8 04 m-50.csv,PSY106 colony 25C 8,249.72,658.38,169.88,531.52,1015.5636931818182,3.52,205.31704545454545,484.0436931818182,126.86000000000001,3.815573807203359,-50,25
PSY106 colony 25C 9 01 m-25.csv,PSY106 colony 25C 9,254.5,644.92,147.16,530.71,929.3254987654321,4.05,203.45468641975307,398.6154987654321,114.20999999999992,3.490197870286598,-25,25
PSY106 colony 25C 9 01 m-35.csv,PSY106 colony 25C 9,254.5,644.92,147.16,530.71,922.914200735453,4.623,203.46582305861992,392.204200735453,114.20999999999992,3.434061822392551,-35,25
PSY106 colony 25C 9 01 m-50.csv,PSY106 colony 25C 9,254.5,644.92,147.16,530.71,909.2550381299735,6.032,208.09144396551724,378.5450381299735,114.20999999999992,3.314464916644547,-50,25
PSY106 colony 25C 9 02 m-25.csv,PSY106 colony 25C 9,275.51,659.21,166.23,530.71,969.0311960132891,3.0100000000000002,221.13833887043188,438.32119601328907,128.5,3.4110598911540007,-25,25
PSY106 colony 25C 9 02 m-35.csv,PSY106 colony 25C 9,275.51,659.21,166.23,530.71,961.1956936416185,3.46,220.62809248554913,430.48569364161847,128.5,3.350083219000922,-35,25
PSY106 colony 25C 9 02 m-50.csv,PSY106 colony 25C 9,275.51,659.21,166.23,530.71,949.620091240876,4.384,222.61025547445257,418.910091240876,128.5,3.260000710045728,-50,25
PSY106 colony 25C 9 03 m-25.csv,PSY106 colony 25C 9,200.87,679.59,208.14,530.71,1026.1349468791502,4.518,312.7854736609119,495.4249468791502,148.88,3.3276796539437816,-25,25
PSY106 colony 25C 9 03 m-35.csv,PSY106 colony 25C 9,200.87,679.59,208.14,530.71,1019.9322627876021,5.259,320.38567978703173,489.22226278760206,148.88,3.286017348116618,-35,25
PSY106 colony 25C 9 03 m-50.csv,PSY106 colony 25C 9,200.87,679.59,208.14,530.71,1006.2263808958766,6.742,325.4236220706022,475.5163808958765,148.88,3.193957421385522,-50,25
PSY106 colony 25C 9 04 m-25.csv,PSY106 colony 25C 9,240.13,696.44,195.31,530.71,989.0078632980807,5.106,247.10178221699962,458.29786329808064,165.73000000000002,2.7653283249748424,-25,25
PSY106 colony 25C 9 04 m-35.csv,PSY106 colony 25C 9,240.13,696.44,195.31,530.71,982.2623409490335,5.6899999999999995,247.29383831282954,451.55234094903346,165.73000000000002,2.724626446322533,-35,25
PSY106 colony 25C 9 04 m-50.csv,PSY106 colony 25C 9,240.13,696.44,195.31,530.71,968.1310658887149,7.027,248.1177031450121,437.4210658887149,165.73000000000002,2.6393595962632888,-50,25
PSY106 colony 25C 9 05 m-25.csv,PSY106 colony 25C 9,238.22,686.38,181.49,530.71,1053.9576494530652,3.931,230.20478504197402,523.2476494530652,155.66999999999996,3.361261960898473,-25,25
PSY106 colony 25C 9 05 m-35.csv,PSY106 colony 25C 9,238.22,686.38,181.49,530.71,1049.4026549053356,4.648,230.4695546471601,518.6926549053355,155.66999999999996,3.3320013805186335,-35,25
PSY106 colony 25C 9 05 m-50.csv,PSY106 colony 25C 9,238.22,686.38,181.49,530.71,1034.5968895492817,6.057,233.17295195641407,503.8868895492817,155.66999999999996,3.236891434118853,-50,25
PSY106 colony 36C 01 m-25.csv,PSY106 colony 36C,263.9,584.1,125.3,501.91,766.3945887445888,4.62,200.62443722943723,264.48458874458873,82.19,3.2179655523127964,-25,36
PSY106 colony 36C 01 m-35.csv,PSY106 colony 36C,263.9,584.1,125.3,501.91,762.8246950092422,5.41,196.88327171903882,260.91469500924217,82.19,3.174530904115369,-35,36
PSY106 colony 36C 01 m-50.csv,PSY106 colony 36C,263.9,584.1,125.3,501.91,752.7993150684931,7.300000000000001,197.10602739726022,250.8893150684931,82.19,3.052552805310781,-50,36
PSY106 colony 36C 02 m-25.csv,PSY106 colony 36C,238.85,561.54,117.81,501.91,754.7421307901908,1.835,177.51956403269756,252.83213079019077,59.62999999999994,4.2400156094279895,-25,36
PSY106 colony 36C 02 m-35.csv,PSY106 colony 36C,238.85,561.54,117.81,501.91,752.1320821917809,2.19,179.01136073059362,250.22208219178088,59.62999999999994,4.196244879956081,-35,36
PSY106 colony 36C 02 m-50.csv,PSY106 colony 36C,238.85,561.54,117.81,501.91,738.4513592896175,2.928,175.77534836065573,236.54135928961745,59.62999999999994,3.9668180326952487,-50,36
PSY106 colony 36C 03 m-25.csv,PSY106 colony 36C,222.37,562.91,116.72,501.91,798.4558600583091,3.4299999999999997,210.24160349854228,296.5458600583091,60.99999999999994,4.8614075419394975,-25,36
PSY106 colony 36C 03 m-35.csv,PSY106 colony 36C,222.37,562.91,116.72,501.91,791.7072323890699,3.989,207.21149661569316,289.79723238906985,60.99999999999994,4.750774301460166,-35,36
PSY106 colony 36C 03 m-50.csv,PSY106 colony 36C,222.37,562.91,116.72,501.91,775.8180966882376,5.254,200.85589265321659,273.90809668823755,60.99999999999994,4.490296667020292,-50,36
PSY106 colony 36C 04 m-25.csv,PSY106 colony 36C,240.8,561.63,114.89,501.91,769.6563677388382,5.2075,179.68819683149306,267.74636773883816,59.71999999999997,4.483361817462128,-25,36
PSY106 colony 36C 04 m-35.csv,PSY106 colony 36C,240.8,561.63,114.89,501.91,759.5620355951056,6.293,174.7634149054505,257.6520355951056,59.71999999999997,4.314334152630705,-35,36
PSY106 colony 36C 04 m-50.csv,PSY106 colony 36C,240.8,561.63,114.89,501.91,742.0629919447642,8.69,182.2384579976985,240.1529919447642,59.71999999999997,4.021316007112597,-50,36
PSY106 colony 36C 07 m-25.csv,PSY106 colony 36C,217.07,577.12,134.01,501.91,825.5491172314065,3.0427,232.17796627994875,323.6391172314065,75.20999999999998,4.303139439321986,-25,36
PSY106 colony 36C 07 m-35.csv,PSY106 colony 36C,217.07,577.12,134.01,501.91,812.8035613433858,3.6475,226.41331459904043,310.8935613433858,75.20999999999998,4.133673199619544,-35,36
PSY106 colony 36C 07 m-50.csv,PSY106 colony 36C,217.07,577.12,134.01,501.91,783.068416296494,5.2453,216.70228985949325,281.15841629649395,75.20999999999998,3.7383116114412185,-50,36
PSY106 colony 36C 08 m-25.csv,PSY106 colony 36C,218.72,583.18,130.52,501.91,858.1374498465896,3.3896,183.77586617890017,356.22744984658954,81.26999999999992,4.383258888231695,-25,36
PSY106 colony 36C 08 m-35.csv,PSY106 colony 36C,218.72,583.18,130.52,501.91,848.8226857004597,4.133,191.75003629324945,346.9126857004597,81.26999999999992,4.268643850134859,-35,36
PSY106 colony 36C 08 m-50.csv,PSY106 colony 36C,218.72,583.18,130.52,501.91,831.631862955032,5.604,189.78403283369022,329.721862955032,81.26999999999992,4.057116561523715,-50,36
PSY106 colony 36C 09 m-25.csv,PSY106 colony 36C,233.01,572.36,123.41,501.91,840.1411408827172,3.0678,208.3505098115914,338.23114088271717,70.44999999999999,4.801009806709968,-25,36
PSY106 colony 36C 09 m-35.csv,PSY106 colony 36C,233.01,572.36,123.41,501.91,826.1412773937137,3.5728999999999997,218.93387696269141,324.2312773937137,70.44999999999999,4.602289246184723,-35,36
PSY106 colony 36C 09 m-50.csv,PSY106 colony 36C,233.01,572.36,123.41,501.91,799.5751447317638,4.6638,211.4834426862215,297.66514473176375,70.44999999999999,4.22519722827202,-50,36
PSY106 colony 36C 10 01 m-25.csv,PSY106 colony 36C 10,257.86,556.09,113.95,495.64,860.1459071325994,4.178,225.05591191957876,364.5059071325994,60.450000000000045,6.0298743942530875,-25,36
PSY106 colony 36C 10 01 m-35.csv,PSY106 colony 36C 10,257.86,556.09,113.95,495.64,846.1827479338843,4.84,220.22487603305785,350.54274793388436,60.450000000000045,5.7988874761602,-35,36
PSY106 colony 36C 10 01 m-50.csv,PSY106 colony 36C 10,257.86,556.09,113.95,495.64,825.286392092257,6.07,215.1517298187809,329.646392092257,60.450000000000045,5.453207478780095,-50,36
PSY106 colony 36C 10 02 m-25.csv,PSY106 colony 36C 10,231.08,553.94,116.92,495.64,822.8246660069274,4.042,220.63865907966354,327.1846660069274,58.30000000000007,5.612086895487598,-25,36
PSY106 colony 36C 10 02 m-35.csv,PSY106 colony 36C 10,231.08,553.94,116.92,495.64,811.8573554421769,4.704,218.0618537414966,316.2173554421769,58.30000000000007,5.423968360929271,-35,36
PSY106 colony 36C 10 02 m-50.csv,PSY106 colony 36C 10,231.08,553.94,116.92,495.64,792.2595088537731,6.0878000000000005,212.68479910640954,296.61950885377314,58.30000000000007,5.087813187886326,-50,36
PSY106 colony 36C 10 04 m-25.csv,PSY106 colony 36C 10,183.72,584,138.48,495.64,853.2165432801822,7.023999999999999,214.77427676537587,357.57654328018225,88.36000000000001,4.046814659123837,-25,36
PSY106 colony 36C 10 04 m-35.csv,PSY106 colony 36C 10,183.72,584,138.48,495.64,844.6386343612336,7.944999999999999,216.06259911894276,348.9986343612336,88.36000000000001,3.9497355631647073,-35,36
PSY106 colony 36C 10 04 m-50.csv,PSY106 colony 36C 10,183.72,584,138.48,495.64,824.9413291203751,9.811,219.6385730302721,329.30132912037516,88.36000000000001,3.7268144988725114,-50,36
PSY106 colony 36C 10 05 m-25.csv,PSY106 colony 36C 10,203.63,558.82,120.73,495.64,813.8023408548889,5.451,190.15496239222162,318.16234085488895,63.180000000000064,5.035807864116629,-25,36
PSY106 colony 36C 10 05 m-35.csv,PSY106 colony 36C 10,203.63,558.82,120.73,495.64,803.4218209826496,6.167,190.0091405869953,307.7818209826496,63.180000000000064,4.871507138060292,-35,36
PSY106 colony 36C 10 05 m-50.csv,PSY106 colony 36C 10,203.63,558.82,120.73,495.64,786.3476418761337,7.718,188.25843223633066,290.7076418761337,63.180000000000064,4.6012605551778005,-50,36
PSY106 colony 36C 10 m-25.csv,PSY106 colony 36C,245.64,572.88,125.27,501.91,836.3456324017054,3.3775999999999997,209.91065963998108,334.4356324017054,70.96999999999997,4.712352154455481,-25,36
PSY106 colony 36C 10 m-35.csv,PSY106 colony 36C,245.64,572.88,125.27,501.91,827.9543196943242,3.9519,214.45762063817403,326.0443196943242,70.96999999999997,4.59411469204346,-35,36
PSY106 colony 36C 10 m-50.csv,PSY106 colony 36C,245.64,572.88,125.27,501.91,805.8936564813205,5.1741,210.4310123499739,303.98365648132045,70.96999999999997,4.2832697827437025,-50,36
PSY106 colony 36C 11 01 m-25.csv,PSY106 colony 36C 11,269.79,552.74,104.08,495.57,796.1049245939676,1.724,163.00244199535962,300.53492459396756,57.170000000000016,5.2568641699137215,-25,36
PSY106 colony 36C 11 01 m-35.csv,PSY106 colony 36C 11,269.79,552.74,104.08,495.57,788.2755726660251,2.078,163.088729547642,292.70557266602515,57.170000000000016,5.119915561763601,-35,36
PSY106 colony 36C 11 01 m-50.csv,PSY106 colony 36C 11,269.79,552.74,104.08,495.57,771.7837296360484,2.8850000000000002,164.06715424610053,276.2137296360484,57.170000000000016,4.8314453320981,-50,36
PSY106 colony 36C 11 02 m-25.csv,PSY106 colony 36C 11,252.2,572.05,114.52,495.57,833.9332980392159,5.1,198.14933725490198,338.36329803921586,76.47999999999996,4.424206302814017,-25,36
PSY106 colony 36C 11 02 m-35.csv,PSY106 colony 36C 11,252.2,572.05,114.52,495.57,824.35786678352315,5.705,197.60118492550393,328.78786678352316,76.47999999999996,4.299004534303391,-35,36
PSY106 colony 36C 11 02 m-50.csv,PSY106 colony 36C 11,252.2,572.05,114.52,495.57,808.0819157583595,7.0369,198.97895053219457,312.5119157583595,76.47999999999996,4.086191367133364,-50,36
PSY106 colony 36C 11 03 m-25.csv,PSY106 colony 36C 11,289.24,564.27,103.37,495.57,852.4981671029436,1.8719,182.38185212885304,356.92816710294363,68.69999999999999,5.195460947641101,-25,36
PSY106 colony 36C 11 03 m-35.csv,PSY106 colony 36C 11,289.24,564.27,103.37,495.57,837.9834298277758,2.1832,181.80193477464275,342.4134298277758,68.69999999999999,4.984183840287859,-35,36
PSY106 colony 36C 11 03 m-50.csv,PSY106 colony 36C 11,289.24,564.27,103.37,495.57,814.8324766421292,2.8256,186.54195144394112,319.26247664212923,68.69999999999999,4.647197622156176,-50,36
PSY106 colony 36C 11 04 m-25.csv,PSY106 colony 36C 11,279.8,563.92,109.11,495.57,793.5225327510916,3.7556,194.6228906166791,297.9525327510916,68.34999999999997,4.359217743249331,-25,36
PSY106 colony 36C 11 04 m-35.csv,PSY106 colony 36C 11,279.8,563.92,109.11,495.57,785.3579448987767,4.2431,205.88441728924607,289.78794489877674,68.34999999999997,4.239765104590737,-35,36
PSY106 colony 36C 11 04 m-50.csv,PSY106 colony 36C 11,279.8,563.92,109.11,495.57,771.7887196995562,5.272200000000001,204.7885102993058,276.2187196995562,68.34999999999997,4.041239498164686,-50,36
PSY106 colony 36C 11 05 m-25.csv,PSY106 colony 36C 11,282.84,569.85,112.09,495.57,808.1489732844421,2.6726,186.38617787921874,312.57897328444216,74.28000000000003,4.208117572488449,-25,36
PSY106 colony 36C 11 05 m-35.csv,PSY106 colony 36C 11,282.84,569.85,112.09,495.57,800.6401259213759,3.2560000000000002,183.83363943488945,305.0701259213759,74.28000000000003,4.1070291588768955,-35,36
PSY106 colony 36C 11 05 m-50.csv,PSY106 colony 36C 11,282.84,569.85,112.09,495.57,783.7749080590237,4.405,186.1735437003405,288.2049080590237,74.28000000000003,3.8799799146341356,-50,36
PSY106 colony 36C 11 m-25.csv,PSY106 colony 36C,237.16,565.89,128.85,501.91,825.2135689045936,5.094,288.0086336866902,323.30356890459353,63.97999999999996,5.053197388318126,-25,36
PSY106 colony 36C 11 m-35.csv,PSY106 colony 36C,237.16,565.89,128.85,501.91,809.3191188386227,5.9239999999999995,281.77255908170156,307.40911883862265,63.97999999999996,4.804768972157281,-35,36
PSY106 colony 36C 11 m-50.csv,PSY106 colony 36C,237.16,565.89,128.85,501.91,783.2561282098458,7.6094,271.681531263963,281.34612820984574,63.97999999999996,4.397407443104813,-50,36
PSY106 colony 36C 12 01 m-25.csv,PSY106 colony 36C 12,279.72,539.29,92.34,499.55,700.4643912365777,2.3096,121.35241600277102,200.91439123657773,39.73999999999995,5.0557219737437835,-25,36
PSY106 colony 36C 12 01 m-35.csv,PSY106 colony 36C 12,279.72,539.29,92.34,499.55,695.072947263529,2.6092,122.07550973478462,195.52294726352903,39.73999999999995,4.920054032801441,-35,36
PSY106 colony 36C 12 01 m-50.csv,PSY106 colony 36C 12,279.72,539.29,92.34,499.55,682.3245440518439,3.2405,124.05602839068044,182.77454405184386,39.73999999999995,4.599258783388125,-50,36
PSY106 colony 36C 12 02 m-25.csv,PSY106 colony 36C 12,268.3,554.72,100.25,499.55,682.7872913085005,2.6175,117.45834765998089,183.23729130850046,55.170000000000016,3.3213212127696283,-25,36
PSY106 colony 36C 12 02 m-35.csv,PSY106 colony 36C 12,268.3,554.72,100.25,499.55,681.3149766496846,3.2976,121.81248544395923,181.76497664968457,55.170000000000016,3.2946343420279955,-35,36
PSY106 colony 36C 12 02 m-50.csv,PSY106 colony 36C 12,268.3,554.72,100.25,499.55,680.9640527175783,4.6512,126.05127966976264,181.41405271757827,55.170000000000016,3.288273567474682,-50,36
PSY106 colony 36C 12 03 m-25.csv,PSY106 colony 36C 12,252.93,576.1,120.32,499.55,776.7008186559965,5.5982,149.43509360151478,277.1508186559965,76.55000000000001,3.620520165329803,-25,36
PSY106 colony 36C 12 03 m-35.csv,PSY106 colony 36C 12,252.93,576.1,120.32,499.55,771.4352533357647,6.5802000000000005,152.99850992371051,271.88525333576473,76.55000000000001,3.5517342042555806,-35,36
PSY106 colony 36C 12 03 m-50.csv,PSY106 colony 36C 12,252.93,576.1,120.32,499.55,761.2148332215309,8.6462,157.43122504684138,261.66483322153084,76.55000000000001,3.418221204722806,-50,36
PSY106 colony 36C 12 04 m-25.csv,PSY106 colony 36C 12,267.36,546.33,102.18,499.55,687.8558028518289,3.226,127.77625542467452,188.3058028518289,46.78000000000003,4.0253485004666265,-25,36
PSY106 colony 36C 12 04 m-35.csv,PSY106 colony 36C 12,267.36,546.33,102.18,499.55,683.9305895196507,3.6639999999999997,126.53575873362445,184.38058951965064,46.78000000000003,3.9414405626261333,-35,36
PSY106 colony 36C 12 04 m-50.csv,PSY106 colony 36C 12,267.36,546.33,102.18,499.55,675.3879141370339,4.612,125.42516912402428,175.83791413703392,46.78000000000003,3.7588267237501882,-50,36
PSY106 colony 36C 12 05 m-25.csv,PSY106 colony 36C 12,269.24,559.71,100.57,499.55,721.263930712858,3.0020000000000002,134.0453964023984,221.71393071285803,60.160000000000025,3.6854044333919207,-25,36
PSY106 colony 36C 12 05 m-35.csv,PSY106 colony 36C 12,269.24,559.71,100.57,499.55,714.4368192419826,3.4299999999999997,133.97116618075805,214.88681924198255,60.160000000000025,3.5719218623999742,-35,36
PSY106 colony 36C 12 05 m-50.csv,PSY106 colony 36C 12,269.24,559.71,100.57,499.55,702.8466271379704,4.385,134.5661801596351,203.29662713797035,60.160000000000025,3.3792657436497717,-50,36
PSY106 colony 36C 13 01 m-25.csv,PSY106 colony 36C 13,312.49,572.13,101.58,500.19,743.687891581314,8.006,175.2863489882588,243.49789158131404,71.94,3.384735773996581,-25,36
PSY106 colony 36C 13 01 m-35.csv,PSY106 colony 36C 13,312.49,572.13,101.58,500.19,736.4898545572075,9.282,172.44233462615816,236.29985455720754,71.94,3.2846796574535384,-35,36
PSY106 colony 36C 13 01 m-50.csv,PSY106 colony 36C 13,312.49,572.13,101.58,500.19,718.539848386045,12.268,171.85191066188455,218.34984838604504,71.94,3.0351660882130256,-50,36
PSY106 colony 36C 13 02 m-25.csv,PSY106 colony 36C 13,289.49,589.43,121.1,500.19,752.5211900731312,5.9072000000000005,170.09324620801732,252.33119007313115,89.23999999999995,2.827557038022538,-25,36
PSY106 colony 36C 13 02 m-35.csv,PSY106 colony 36C 13,289.49,589.43,121.1,500.19,751.3582294410301,6.834,168.49558823529412,251.16822944103006,89.23999999999995,2.8145252066453406,-35,36
PSY106 colony 36C 13 02 m-50.csv,PSY106 colony 36C 13,289.49,589.43,121.1,500.19,745.5738691526919,9.064,165.0745807590468,245.38386915269194,89.23999999999995,2.7497071845886607,-50,36
PSY106 colony 36C 13 03 m-25.csv,PSY106 colony 36C 13,294.39,585.2,126.94,500.19,840.9563686076419,4.3157,266.1534821697523,340.76636860764194,85.01000000000005,4.008544507794868,-25,36
PSY106 colony 36C 13 03 m-35.csv,PSY106 colony 36C 13,294.39,585.2,126.94,500.19,823.6882101167315,5.14,300.32050583657593,323.4982101167315,85.01000000000005,3.8054135997733365,-35,36
PSY106 colony 36C 13 03 m-50.csv,PSY106 colony 36C 13,294.39,585.2,126.94,500.19,795.1990275761973,6.890000000000001,291.9050653120464,295.0090275761973,85.01000000000005,3.470286173111365,-50,36
PSY106 colony 36C 13 04 m-25.csv,PSY106 colony 36C 13,315.85,576.74,98.71,500.19,750.5409417989418,4.725,136.54900952380953,250.35094179894185,76.55000000000001,3.2704237988104743,-25,36
PSY106 colony 36C 13 04 m-35.csv,PSY106 colony 36C 13,315.85,576.74,98.71,500.19,744.5019005235602,5.73,135.72693193717276,244.31190052356015,76.55000000000001,3.1915336449844562,-35,36
PSY106 colony 36C 13 04 m-50.csv,PSY106 colony 36C 13,315.85,576.74,98.71,500.19,733.7835611038108,7.609999999999999,135.3878449408673,233.59356110381083,76.55000000000001,3.051516147665719,-50,36
PSY106 colony 36C 13 05 m-25.csv,PSY106 colony 36C 13,307.97,598.35,125.92,500.19,831.454949706622,9.544,191.35440067057837,331.26494970662196,98.160000000000025,3.3747448014122035,-25,36
PSY106 colony 36C 13 05 m-35.csv,PSY106 colony 36C 13,307.97,598.35,125.92,500.19,819.5818952012244,11.107000000000001,189.38815071576485,319.3918952012244,98.160000000000025,3.2537886634191553,-35,36
PSY106 colony 36C 13 05 m-50.csv,PSY106 colony 36C 13,307.97,598.35,125.92,500.19,797.5286321776815,14.768,188.84088299024918,297.3386321776815,98.160000000000025,3.0291221696992814,-50,36
PSY106 colony 36C 13 06 m-25.csv,PSY106 colony 36C 13,317.87,597.53,122.01,500.19,825.8156306483836,7.3583,190.09738689642987,325.6256306483836,97.339999999999975,3.345239682025721,-25,36
PSY106 colony 36C 13 06 m-35.csv,PSY106 colony 36C 13,317.87,597.53,122.01,500.19,812.3065725902894,8.362,190.12046400382684,312.1165725902894,97.339999999999975,3.20645749527727,-35,36
PSY106 colony 36C 13 06 m-50.csv,PSY106 colony 36C 13,317.87,597.53,122.01,500.19,783.0459449473491,10.825999999999999,187.6108738222797,282.8559449473491,97.339999999999975,2.9058551977331946,-50,36
PSY106 colony 36C 13 07 m-25.csv,PSY106 colony 36C 13,273.53,582.25,116.61,500.19,742.5217988369019,7.566,182.86265133491938,242.3317988369019,82.06,2.953105030915207,-25,36
PSY106 colony 36C 13 07 m-35.csv,PSY106 colony 36C 13,273.53,582.25,116.61,500.19,737.4283220872694,8.892000000000001,180.7811830859199,237.2383220872694,82.06,2.8910348779828103,-35,36
PSY106 colony 36C 13 07 m-50.csv,PSY106 colony 36C 13,273.53,582.25,116.61,500.19,726.5626418786693,11.753,175.60798179188293,226.3726418786693,82.06,2.7586234691526847,-50,36
PSY106 colony 36C 13 08 m-25.csv,PSY106 colony 36C 13,314.3,572.47,99.61,500.19,750.5189898789442,5.039,137.9769835284779,250.32898987894424,72.28000000000003,3.463323047578087,-25,36
PSY106 colony 36C 13 08 m-35.csv,PSY106 colony 36C 13,314.3,572.47,99.61,500.19,743.5436647631844,5.954,138.32878569029225,243.35366476318444,72.28000000000003,3.366818826275378,-35,36
PSY106 colony 36C 13 08 m-50.csv,PSY106 colony 36C 13,314.3,572.47,99.61,500.19,730.6914273038408,7.889,139.68701863354036,230.50142730384079,72.28000000000003,3.189007018592151,-50,36
PSY106 colony 36C 14 01 m-25.csv,PSY106 colony 36C 14,221.22,571.47,127.53,498.14,749.5671694389625,7.094,139.50067380885255,251.42716943896255,73.33000000000004,3.428708160902256,-25,36
PSY106 colony 36C 14 01 m-35.csv,PSY106 colony 36C 14,221.22,571.47,127.53,498.14,744.4329115479115,8.14,141.3048525798526,246.29291154791156,73.33000000000004,3.3586923707610996,-35,36
PSY106 colony 36C 14 01 m-50.csv,PSY106 colony 36C 14,221.22,571.47,127.53,498.14,738.502569589093,10.562,145.2575686423026,240.36256958909303,73.33000000000004,3.2778203953237814,-50,36
PSY106 colony 36C 14 03 m-25.csv,PSY106 colony 36C 14,249.19,556.39,104.51,498.14,774.0572909489508,3.193,213.48028186658317,275.91729094895084,58.25,4.736777527020616,-25,36
PSY106 colony 36C 14 03 m-35.csv,PSY106 colony 36C 14,249.19,556.39,104.51,498.14,768.4076330721429,3.701,208.35682788435557,270.26763307214287,58.25,4.639787692225629,-35,36
PSY106 colony 36C 14 03 m-50.csv,PSY106 colony 36C 14,249.19,556.39,104.51,498.14,751.002617957396,5.023,198.3698009157874,252.86261795739597,58.25,4.3409891494831925,-50,36
PSY106 colony 36C 14 04 m-25.csv,PSY106 colony 36C 14,256.22,564.89,117,498.14,760.1987251409913,6.738,173.61650638171562,262.0587251409913,66.75,3.92597341035193,-25,36
PSY106 colony 36C 14 04 m-35.csv,PSY106 colony 36C 14,256.22,564.89,117,498.14,751.8052791812411,7.719,178.09251586993133,253.6652791812411,66.75,3.800228901591627,-35,36
PSY106 colony 36C 14 04 m-50.csv,PSY106 colony 36C 14,256.22,564.89,117,498.14,734.0297078085642,9.925,180.21493198992442,235.88970780856425,66.75,3.5339282068698763,-50,36
PSY106 colony 36C 15 01 m-25.csv,PSY106 colony 36C 15,332.64,535.82,61.92,503.48,621.5779529705783,8.802999999999999,66.5094626831762,118.09795297057826,32.34000000000003,3.651761068972732,-25,36
PSY106 colony 36C 15 01 m-35.csv,PSY106 colony 36C 15,332.64,535.82,61.92,503.48,617.642204937776,9.964,67.24690987555199,114.16220493777598,32.34000000000003,3.5300619956022223,-35,36
PSY106 colony 36C 15 01 m-50.csv,PSY106 colony 36C 15,332.64,535.82,61.92,503.48,608.2024768600243,13.029399999999999,68.30454449168803,104.72247686002424,32.34000000000003,3.238171826222144,-50,36
PSY106 colony 36C 15 03 m-25.csv,PSY106 colony 36C 15,303.38,554.65,72.77,503.48,660.4556718737857,5.1468,80.4830403357426,156.9756718737857,51.16999999999996,3.0677285885047065,-25,36
PSY106 colony 36C 15 03 m-35.csv,PSY106 colony 36C 15,303.38,554.65,72.77,503.48,658.4600465116279,6.0200000000000005,81.87805315614618,154.98004651162785,51.16999999999996,3.028728679140668,-35,36
PSY106 colony 36C 15 03 m-50.csv,PSY106 colony 36C 15,303.38,554.65,72.77,503.48,653.7134342021615,7.865,83.67892053401144,150.23343420216145,51.16999999999996,2.9359670549572323,-50,36
PSY106 colony 36C 2 01 m-25.csv,PSY106 colony 36C 2,222.79,584.32,133.9,501.7,842.7823752012882,4.968,175.67460950080513,341.08237520128824,82.62000000000006,4.128326981376035,-25,36
PSY106 colony 36C 2 01 m-35.csv,PSY106 colony 36C 2,222.79,584.32,133.9,501.7,833.9466789344549,5.706,177.99544865054327,332.2466789344549,82.62000000000006,4.021383187296716,-35,36
PSY106 colony 36C 2 01 m-50.csv,PSY106 colony 36C 2,222.79,584.32,133.9,501.7,816.386570247934,7.26,182.4178512396694,314.68657024793396,82.62000000000006,3.8088425350754505,-50,36
PSY106 colony 36C 2 02 m-25.csv,PSY106 colony 36C 2,254.9,592.55,134.38,501.7,853.3721957468615,3.903,191.54890596976685,351.6721957468615,90.84999999999997,3.8709102448746466,-25,36
PSY106 colony 36C 2 02 m-35.csv,PSY106 colony 36C 2,254.9,592.55,134.38,501.7,847.3039863526304,4.543,193.53528945630643,345.60398635263044,90.84999999999997,3.8041165256205898,-35,36
PSY106 colony 36C 2 02 m-50.csv,PSY106 colony 36C 2,254.9,592.55,134.38,501.7,835.8565595784464,5.883,194.68715451300358,334.15655957844643,90.84999999999997,3.6781129287666103,-50,36
PSY106 colony 36C 2 03 m-25.csv,PSY106 colony 36C 2,261.11,600.35,136.07,501.7,839.8304250486698,6.164,204.11315379623622,338.1304250486698,98.65000000000003,3.4275765336915325,-25,36
PSY106 colony 36C 2 03 m-35.csv,PSY106 colony 36C 2,261.11,600.35,136.07,501.7,825.3605019251925,7.272,200.6938091309131,323.6605019251925,98.65000000000003,3.2808971305138606,-35,36
PSY106 colony 36C 2 03 m-50.csv,PSY106 colony 36C 2,261.11,600.35,136.07,501.7,801.8536159800968,9.7271,196.94347894028024,300.15361598009684,98.65000000000003,3.0426114138884617,-50,36
PSY106 colony 36C 2 04 m-25.csv,PSY106 colony 36C 2,260.76,564.04,110.18,501.7,793.723076923077,2.327,155.43777395788567,292.023076923077,62.339999999999975,4.684361195429533,-25,36
PSY106 colony 36C 2 04 m-35.csv,PSY106 colony 36C 2,260.76,564.04,110.18,501.7,782.0249442379181,2.959,158.11602906387293,280.32494423791815,62.339999999999975,4.496710687165836,-35,36
PSY106 colony 36C 2 04 m-50.csv,PSY106 colony 36C 2,260.76,564.04,110.18,501.7,769.3359399906235,4.266,156.81012658227849,267.6359399906235,62.339999999999975,4.293165543641701,-50,36
PSY106 colony 36C 2 05 m-25.csv,PSY106 colony 36C 2,253.44,569.44,119.25,501.7,778.7267395015365,2.929,187.6304199385456,277.0267395015365,67.74000000000007,4.089559189570951,-25,36
PSY106 colony 36C 2 05 m-35.csv,PSY106 colony 36C 2,253.44,569.44,119.25,501.7,774.3315972222223,3.456,191.05031828703704,272.6315972222223,67.74000000000007,4.02467666404225,-35,36
PSY106 colony 36C 2 05 m-50.csv,PSY106 colony 36C 2,253.44,569.44,119.25,501.7,758.7597345517842,4.596,193.2146910356832,257.0597345517842,67.74000000000007,3.7947997424237365,-50,36
PSY106 colony 36C 3 01 m-25.csv,PSY106 colony 36C 3,247.75,550.17,85.46,505.46,652.3118393782383,4.632,95.37315630397237,146.85183937823837,44.70999999999998,3.2845412520294888,-25,36
PSY106 colony 36C 3 01 m-35.csv,PSY106 colony 36C 3,247.75,550.17,85.46,505.46,650.155987213238,5.3180000000000005,94.3496201579541,144.69598721323797,44.70999999999998,3.236322684259406,-35,36
PSY106 colony 36C 3 01 m-50.csv,PSY106 colony 36C 3,247.75,550.17,85.46,505.46,645.4602747702932,6.8348,94.93013723883654,140.00027477029317,44.70999999999998,3.1312966846408687,-50,36
PSY106 colony 36C 3 02 m-25.csv,PSY106 colony 36C 3,249.4,573.1,100.57,505.46,695.4139196018673,2.5921,104.81848154006403,189.9539196018673,67.64000000000004,2.8083075044628503,-25,36
PSY106 colony 36C 3 02 m-35.csv,PSY106 colony 36C 3,249.4,573.1,100.57,505.46,691.6157221324719,3.0949999999999998,104.35308239095316,186.1557221324719,67.64000000000004,2.7521543780672943,-35,36
PSY106 colony 36C 3 02 m-50.csv,PSY106 colony 36C 3,249.4,573.1,100.57,505.46,685.4476599808979,4.188,105.40378223495702,179.98765998089794,67.64000000000004,2.660964813437283,-50,36
PSY106 colony 36C 3 03 m-25.csv,PSY106 colony 36C 3,270.46,552.14,89.96,505.46,700.3372025151265,1.6858,99.08434689761538,194.8772025151265,46.68000000000001,4.174747268961578,-25,36
PSY106 colony 36C 3 03 m-35.csv,PSY106 colony 36C 3,270.46,552.14,89.96,505.46,697.8848599181545,2.2237,98.86871655349192,192.42485991815448,46.68000000000001,4.122212080508879,-35,36
PSY106 colony 36C 3 03 m-50.csv,PSY106 colony 36C 3,270.46,552.14,89.96,505.46,689.9470753278439,3.279,98.27173528514791,184.4870753278439,46.68000000000001,3.952165281230589,-50,36
PSY106 colony 36C 3 04 m-25.csv,PSY106 colony 36C 3,246.42,567.86,103.11,505.46,632.5364002987304,6.0255,118.92709484690064,127.07640029873045,62.400000000000034,2.036480774018115,-25,36
PSY106 colony 36C 3 04 m-35.csv,PSY106 colony 36C 3,246.42,567.86,103.11,505.46,630.4,6.99,118.95,124.94,62.400000000000034,2.0022435897435886,-35,36
PSY106 colony 36C 3 04 m-50.csv,PSY106 colony 36C 3,246.42,567.86,103.11,505.46,627.2422766254703,9.305,118.36023911875336,121.78227662547027,62.400000000000034,1.9516390484850994,-50,36
PSY106 colony 36C 3 05 m-25.csv,PSY106 colony 36C 3,258.94,568,100.99,505.46,708.3331585816836,4.597,113.54047422231889,202.87315858168364,62.54000000000002,3.2438944448622253,-25,36
PSY106 colony 36C 3 05 m-35.csv,PSY106 colony 36C 3,258.94,568,100.99,505.46,700.844970481813,5.2509999999999994,116.47948581222626,195.384970481813,62.54000000000002,3.1241600652672363,-35,36
PSY106 colony 36C 3 05 m-50.csv,PSY106 colony 36C 3,258.94,568,100.99,505.46,681.3452910203499,7.027,122.40869503344243,175.88529102034994,62.54000000000002,2.8123647428901486,-50,36
PSY106 colony 36C 3 06 m-25.csv,PSY106 colony 36C 3,244.9,548.63,88.02,505.46,660.1151652764905,3.237,101.78087426629595,154.65516527649055,43.170000000000016,3.5824685030458765,-25,36
PSY106 colony 36C 3 06 m-35.csv,PSY106 colony 36C 3,244.9,548.63,88.02,505.46,652.526167412477,3.799,105.53442748091602,147.066167412477,43.170000000000016,3.406675177495412,-35,36
PSY106 colony 36C 3 06 m-50.csv,PSY106 colony 36C 3,244.9,548.63,88.02,505.46,638.9208130081302,5.043,105.81342058298631,133.46081300813017,43.170000000000016,3.09151755867802,-50,36
PSY106 colony 36C 3 07 m-25.csv,PSY106 colony 36C 3,230.53,551.84,96.6,505.46,725.2535828877005,1.1219999999999999,139.41633689839574,219.79358288770055,46.38000000000005,4.738973326599834,-25,36
PSY106 colony 36C 3 07 m-35.csv,PSY106 colony 36C 3,230.53,551.84,96.6,505.46,721.732466367713,1.3379999999999999,139.912735426009,216.27246636771298,46.38000000000005,4.663054471058921,-35,36
PSY106 colony 36C 3 07 m-50.csv,PSY106 colony 36C 3,230.53,551.84,96.6,505.46,711.1723624235686,1.7990000000000002,140.13413007226237,205.71236242356866,46.38000000000005,4.435367883216223,-50,36
PSY106 colony 36C 4 01 m-25.csv,PSY106 colony 36C 4,236.83,568.71,117.13,504.13,763.2640040241449,3.976,151.11872736418513,259.13400402414493,64.58000000000004,4.012604583836246,-25,36
PSY106 colony 36C 4 01 m-35.csv,PSY106 colony 36C 4,236.83,568.71,117.13,504.13,757.0122959183674,4.704,155.40428996598638,252.8822959183674,64.58000000000004,3.9157989457783713,-35,36
PSY106 colony 36C 4 01 m-50.csv,PSY106 colony 36C 4,236.83,568.71,117.13,504.13,748.4574959974385,6.2459999999999996,156.69098302913866,244.32749599743852,64.58000000000004,3.7833306905766237,-50,36
PSY106 colony 36C 4 02 m-25.csv,PSY106 colony 36C 4,232.76,585.56,140.52,504.13,813.8212438863185,7.565,227.63132452081956,309.6912438863185,81.42999999999995,3.8031590800235624,-25,36
PSY106 colony 36C 4 02 m-35.csv,PSY106 colony 36C 4,232.76,585.56,140.52,504.13,803.8928725127255,8.644,225.97803216103657,299.7628725127255,81.42999999999995,3.6812338513167835,-35,36
PSY106 colony 36C 4 02 m-50.csv,PSY106 colony 36C 4,232.76,585.56,140.52,504.13,785.9395395915443,11.164,220.11780007165893,281.8095395915443,81.42999999999995,3.4607581922085777,-50,36
PSY106 colony 36C 4 03 m-25.csv,PSY106 colony 36C 4,236.25,564.39,122.83,504.13,837.3580912162163,2.368,217.9154222972973,333.2280912162163,60.25999999999999,5.5298388851014995,-25,36
PSY106 colony 36C 4 03 m-35.csv,PSY106 colony 36C 4,236.25,564.39,122.83,504.13,828.5760505698007,2.808,218.41133903133905,324.4460505698007,60.25999999999999,5.384103062890819,-35,36
PSY106 colony 36C 4 03 m-50.csv,PSY106 colony 36C 4,236.25,564.39,122.83,504.13,809.9737037037037,3.7800000000000002,213.1114814814815,305.8437037037037,60.25999999999999,5.075401654558641,-50,36
PSY106 colony 36C 4 04 m-25.csv,PSY106 colony 36C 4,222.02,573.03,126.93,504.13,831.775406885759,5.112,193.03145931142407,327.64540688575903,68.89999999999998,4.755376007050205,-25,36
PSY106 colony 36C 4 04 m-35.csv,PSY106 colony 36C 4,222.02,573.03,126.93,504.13,823.8195625841184,5.944,192.5794078061911,319.68956258411845,68.89999999999998,4.639906568709994,-35,36
PSY106 colony 36C 4 04 m-50.csv,PSY106 colony 36C 4,222.02,573.03,126.93,504.13,806.3078461419094,7.7331,192.6149839003763,302.1778461419094,68.89999999999998,4.38574522702336,-50,36
PSY106 colony 36C 4 05 m-25.csv,PSY106 colony 36C 4,230.83,588.17,139.8,504.13,821.7827578947367,4.75,219.03054736842105,317.65275789473674,84.03999999999996,3.779780555625141,-25,36
PSY106 colony 36C 4 05 m-35.csv,PSY106 colony 36C 4,230.83,588.17,139.8,504.13,812.8407967202681,5.3419,219.13024504389824,308.71079672026815,84.03999999999996,3.6733793041440777,-35,36
PSY106 colony 36C 4 05 m-50.csv,PSY106 colony 36C 4,230.83,588.17,139.8,504.13,791.7737388724036,6.74,219.02697329376855,287.64373887240356,84.03999999999996,3.422700367353685,-50,36
PSY106 colony 36C 4 06 m-25.csv,PSY106 colony 36C 4,227.91,599.59,152.62,504.13,881.8807587253414,3.954,182.14064744562467,377.75075872534137,95.46000000000004,3.957162777344869,-25,36
PSY106 colony 36C 4 06 m-35.csv,PSY106 colony 36C 4,227.91,599.59,152.62,504.13,872.0460831509847,4.57,183.2073304157549,367.9160831509847,95.46000000000004,3.8541387298447995,-35,36
PSY106 colony 36C 4 06 m-50.csv,PSY106 colony 36C 4,227.91,599.59,152.62,504.13,851.5498555786928,5.9548,184.59198545711024,347.4198555786928,95.46000000000004,3.6394286149035477,-50,36
PSY106 colony 36C 4 08 m-25.csv,PSY106 colony 36C 4,224.52,587.34,141.98,504.13,835.5658304996078,2.6761,180.55034864168007,331.43583049960785,83.21000000000004,3.9831249909819455,-25,36
PSY106 colony 36C 4 08 m-35.csv,PSY106 colony 36C 4,224.52,587.34,141.98,504.13,824.9672507140197,3.2212,181.73748975537066,320.83725071401966,83.21000000000004,3.8557535237834335,-35,36
PSY106 colony 36C 4 08 m-50.csv,PSY106 colony 36C 4,224.52,587.34,141.98,504.13,814.3120763207634,4.4444,184.91178831788318,310.1820763207634,83.21000000000004,3.7277019146828896,-50,36
PSY106 colony 36C 4 09 m-25.csv,PSY106 colony 36C 4,234.89,571.17,130.43,504.13,877.4367042921849,2.7818,274.3989481630599,373.3067042921849,67.03999999999996,5.568417426792737,-25,36
PSY106 colony 36C 4 09 m-35.csv,PSY106 colony 36C 4,234.89,571.17,130.43,504.13,868.0137314991094,3.2566,273.72920039304796,363.88373149910944,67.03999999999996,5.4278599567289625,-35,36
PSY106 colony 36C 4 09 m-50.csv,PSY106 colony 36C 4,234.89,571.17,130.43,504.13,847.7284530209787,4.3711,277.9940310219396,343.5984530209787,67.03999999999996,5.125275253892883,-50,36
PSY106 colony 36C 5 01 m-25.csv,PSY106 colony 36C 5,234.36,563.33,108.47,502.95,760.47,4.19,156.54,257.52000000000004,60.38000000000005,4.264988406757201,-25,36
PSY106 colony 36C 5 01 m-35.csv,PSY106 colony 36C 5,234.36,563.33,108.47,502.95,752.7112153867969,4.9367,154.06033038264428,249.7612153867969,60.38000000000005,4.136489158443138,-35,36
PSY106 colony 36C 5 01 m-50.csv,PSY106 colony 36C 5,234.36,563.33,108.47,502.95,735.3400000000001,6.53,151.57,232.39000000000016,60.38000000000005,3.8487909903941695,-50,36
PSY106 colony 36C 5 02 m-25.csv,PSY106 colony 36C 5,247.22,579.57,123.2,502.95,861.264681001556,3.5345,205.40170038194935,358.31468100155604,76.62000000000006,4.676516327349984,-25,36
PSY106 colony 36C 5 02 m-35.csv,PSY106 colony 36C 5,247.22,579.57,123.2,502.95,847.7193793268083,4.189,204.67702315588446,344.7693793268083,76.62000000000006,4.4997308708797705,-35,36
PSY106 colony 36C 5 02 m-50.csv,PSY106 colony 36C 5,247.22,579.57,123.2,502.95,826.07974304448,5.643,204.06550062023746,323.12974304448,76.62000000000006,4.217302832739229,-50,36
PSY106 colony 36C 5 03 m-25.csv,PSY106 colony 36C 5,258.55,578.73,118.09,502.95,791.89,4.61,166.2,288.94,75.78000000000003,3.812879387701239,-25,36
PSY106 colony 36C 5 03 m-35.csv,PSY106 colony 36C 5,258.55,578.73,118.09,502.95,781.27,5.42,166.14,278.32,75.78000000000003,3.672736869886512,-35,36
PSY106 colony 36C 5 03 m-50.csv,PSY106 colony 36C 5,258.55,578.73,118.09,502.95,758.63,7.17,168.8,255.68,75.78000000000003,3.373977302718394,-50,36
PSY106 colony 36C 5 04 m-25.csv,PSY106 colony 36C 5,253.49,579.56,125.33,502.95,807.7469467070049,4.297,169.90008145217595,304.7969467070049,76.60999999999996,3.978553017974221,-25,36
PSY106 colony 36C 5 04 m-35.csv,PSY106 colony 36C 5,253.49,579.56,125.33,502.95,800.9283539679319,4.927,169.95595900142075,297.9783539679319,76.60999999999996,3.8895490662828887,-35,36
PSY106 colony 36C 5 04 m-50.csv,PSY106 colony 36C 5,253.49,579.56,125.33,502.95,787.2800783699059,6.380000000000001,173.68072100313478,284.33007836990595,76.60999999999996,3.7113964021655934,-50,36
PSY106 colony 36C 5 05 m-25.csv,PSY106 colony 36C 5,264.09,568.04,111.81,502.95,799.1266484716157,5.496,152.87533842794758,296.1766484716157,65.089999999999975,4.550263457852448,-25,36
PSY106 colony 36C 5 05 m-35.csv,PSY106 colony 36C 5,264.09,568.04,111.81,502.95,791.0826695706285,6.428,151.86457996266336,288.1326695706285,65.089999999999975,4.426681050401423,-35,36
PSY106 colony 36C 5 05 m-50.csv,PSY106 colony 36C 5,264.09,568.04,111.81,502.95,775.3640586972084,8.382,148.99255547602007,272.4140586972084,65.089999999999975,4.185190639072185,-50,36
PSY106 colony 36C 6 01 m-25.csv,PSY106 colony 36C 6,259.36,559.81,106.11,491.39,708.6341954022989,3.4799999999999995,141.5608908045977,217.24419540229894,68.41999999999996,3.1751563198231376,-25,36
PSY106 colony 36C 6 01 m-35.csv,PSY106 colony 36C 6,259.36,559.81,106.11,491.39,704.227355163728,3.9699999999999998,141.29216624685142,212.83735516372803,68.41999999999996,3.1107476638954714,-35,36
PSY106 colony 36C 6 01 m-50.csv,PSY106 colony 36C 6,259.36,559.81,106.11,491.39,696.6803976143142,5.029999999999999,141.75425447316107,205.2903976143142,68.41999999999996,3.0004442796596655,-50,36
PSY106 colony 36C 6 02 m-25.csv,PSY106 colony 36C 6,270.41,561.81,106.31,491.39,732.2305245439868,2.9111,154.7818085946893,240.84052454398682,70.41999999999996,3.4200585706331577,-25,36
PSY106 colony 36C 6 02 m-35.csv,PSY106 colony 36C 6,270.41,561.81,106.31,491.39,725.7509698403311,3.382,156.02550561797753,234.3609698403311,70.41999999999996,3.328045581373633,-35,36
PSY106 colony 36C 6 02 m-50.csv,PSY106 colony 36C 6,270.41,561.81,106.31,491.39,715.4357590759076,4.242,155.31687647336162,224.04575907590765,70.41999999999996,3.1815643151932376,-50,36
PSY106 colony 36C 6 03 m-25.csv,PSY106 colony 36C 6,254.02,575.59,119.24,491.39,694.6565694575754,9.6253,134.74373941591432,203.26656945757543,84.20000000000005,2.4140922738429373,-25,36
PSY106 colony 36C 6 03 m-35.csv,PSY106 colony 36C 6,254.02,575.59,119.24,491.39,693.3852504472272,11.18,135.7751610017889,201.99525044722725,84.20000000000005,2.398993473244978,-35,36
PSY106 colony 36C 6 03 m-50.csv,PSY106 colony 36C 6,254.02,575.59,119.24,491.39,687.0203460207613,14.45,136.9489688581315,195.6303460207613,84.20000000000005,2.323400784094551,-50,36
PSY106 colony 36C 6 04 m-25.csv,PSY106 colony 36C 6,256.12,591.17,140.13,491.39,732.3767665634675,8.075,126.4579839009288,240.98676656346754,99.77999999999997,2.415181063975422,-25,36
PSY106 colony 36C 6 04 m-35.csv,PSY106 colony 36C 6,256.12,591.17,140.13,491.39,730.3639833582249,9.374,138.52352250906765,238.97398335822493,99.77999999999997,2.3950088530589797,-35,36
PSY106 colony 36C 6 04 m-50.csv,PSY106 colony 36C 6,256.12,591.17,140.13,491.39,721.5691581695081,12.259,139.25076841504202,230.17915816950813,99.77999999999997,2.306866688409583,-50,36
PSY106 colony 36C 6 05 m-25.csv,PSY106 colony 36C 6,246.85,569.7,118.59,491.39,787.3881155778894,3.184,121.46390703517588,295.9981155778894,78.31000000000006,3.77982525319741,-25,36
PSY106 colony 36C 6 05 m-35.csv,PSY106 colony 36C 6,246.85,569.7,118.59,491.39,780.9407921611923,3.623,122.15409329285123,289.55079216119236,78.31000000000006,3.6974944727517833,-35,36
PSY106 colony 36C 6 05 m-50.csv,PSY106 colony 36C 6,246.85,569.7,118.59,491.39,769.0686492374728,4.59,125.26960784313728,277.67864923747277,78.31000000000006,3.5458900426187276,-50,36
PSY106 colony 36C 6 06 m-25.csv,PSY106 colony 36C 6,262.23,596.35,123.6,491.39,749.8394538564422,4.486,226.74831475702186,258.44945385644223,104.96000000000004,2.4623614125042126,-25,36
PSY106 colony 36C 6 06 m-35.csv,PSY106 colony 36C 6,262.23,596.35,123.6,491.39,743.4147498551284,5.177,225.65872513038437,252.02474985512845,104.96000000000004,2.4011504368819394,-35,36
PSY106 colony 36C 6 06 m-50.csv,PSY106 colony 36C 6,262.23,596.35,123.6,491.39,727.628327159579,6.749,211.21522299599943,236.23832715957906,104.96000000000004,2.2507462572368424,-50,36
PSY106 colony 36C 6 07 m-25.csv,PSY106 colony 36C 6,246.94,566.22,110.37,491.39,714.0796017198461,4.419,132.9688345779588,222.6896017198461,74.83000000000004,2.9759401539468926,-25,36
PSY106 colony 36C 6 07 m-35.csv,PSY106 colony 36C 6,246.94,566.22,110.37,491.39,712.1677799801784,5.045,133.80664023785926,220.77777998017837,74.83000000000004,2.9503912866521214,-35,36
PSY106 colony 36C 6 07 m-50.csv,PSY106 colony 36C 6,246.94,566.22,110.37,491.39,706.3236036036036,6.5489999999999995,134.78638570774166,214.93360360360361,74.83000000000004,2.872291909710056,-50,36
PSY106 colony 36C 7 01 m-25.csv,PSY106 colony 36C 7,279.25,558.26,98.67,491.56,755.3995770577448,3.5986000000000002,125.95227116100705,263.83957705774475,66.69999999999999,3.955615847942201,-25,36
PSY106 colony 36C 7 01 m-35.csv,PSY106 colony 36C 7,279.25,558.26,98.67,491.56,749.0809222720816,4.434699999999999,125.128330664983,257.5209222720816,66.69999999999999,3.860883392385032,-35,36
PSY106 colony 36C 7 01 m-50.csv,PSY106 colony 36C 7,279.25,558.26,98.67,491.56,736.2359129285898,6.2064,124.65105922918276,244.67591292858975,66.69999999999999,3.668304541658018,-50,36
PSY106 colony 36C 7 02 m-25.csv,PSY106 colony 36C 7,294.83,571.8,107.54,491.56,850.9399157979151,2.9928,237.04100173750336,359.3799157979151,80.23999999999995,4.478812509944109,-25,36
PSY106 colony 36C 7 02 m-35.csv,PSY106 colony 36C 7,294.83,571.8,107.54,491.56,840.6504975382225,3.4731,238.73309061069358,349.09049753822245,80.23999999999995,4.350579480785427,-35,36
PSY106 colony 36C 7 02 m-50.csv,PSY106 colony 36C 7,294.83,571.8,107.54,491.56,812.6711528959049,4.5737,226.52991319937908,321.1111528959049,80.23999999999995,4.001883759919057,-50,36
PSY106 colony 36C 7 03 m-25.csv,PSY106 colony 36C 7,318.29,603.79,108.29,491.56,816.6565296803652,3.285,145.7017929984779,325.0965296803652,112.22999999999996,2.896699008111604,-25,36
PSY106 colony 36C 7 03 m-35.csv,PSY106 colony 36C 7,318.29,603.79,108.29,491.56,806.217117117117,3.8850000000000002,143.99528957528958,314.657117117117,112.22999999999996,2.8036809865198,-35,36
PSY106 colony 36C 7 03 m-50.csv,PSY106 colony 36C 7,318.29,603.79,108.29,491.56,790.4963431975405,5.204,142.15483858570332,298.93634319754045,112.22999999999996,2.6636045905510164,-50,36
PSY106 colony 36C 7 04 m-25.csv,PSY106 colony 36C 7,310.73,578.85,109.13,491.56,805.6896084793424,4.623,149.42244430023794,314.1296084793424,87.29000000000002,3.598689523190999,-25,36
PSY106 colony 36C 7 04 m-35.csv,PSY106 colony 36C 7,310.73,578.85,109.13,491.56,796.7216405082213,5.351999999999999,151.94818759342306,305.1616405082213,87.29000000000002,3.495951890345071,-35,36
PSY106 colony 36C 7 04 m-50.csv,PSY106 colony 36C 7,310.73,578.85,109.13,491.56,783.2824408284024,6.76,157.81958579881658,291.7224408284024,87.29000000000002,3.3419915320014013,-50,36
PSY106 colony 36C 7 05 m-25.csv,PSY106 colony 36C 7,281.4,560.88,97.98,491.56,780.8048440748441,4.81,141.93965904365908,289.24484407484414,69.32,4.17260305936013,-25,36
PSY106 colony 36C 7 05 m-35.csv,PSY106 colony 36C 7,281.4,560.88,97.98,491.56,774.6796010064701,5.564,142.62893961179006,283.1196010064701,69.32,4.084241214750001,-35,36
PSY106 colony 36C 7 05 m-50.csv,PSY106 colony 36C 7,281.4,560.88,97.98,491.56,762.5616661895219,6.986,142.24515888920698,271.0016661895219,69.32,3.909429691135631,-50,36
PSY106 colony 36C 7 06 m-25.csv,PSY106 colony 36C 7,292.25,578.12,111.96,491.56,777.3928231828958,9.574300000000001,168.04577546139143,285.83282318289577,86.56,3.302135203129572,-25,36
PSY106 colony 36C 7 06 m-35.csv,PSY106 colony 36C 7,292.25,578.12,111.96,491.56,771.4303071052153,11.006,167.0585571506451,279.8703071052153,86.56,3.2332521615667202,-35,36
PSY106 colony 36C 7 06 m-50.csv,PSY106 colony 36C 7,292.25,578.12,111.96,491.56,759.7034063513732,14.2111,165.31496020716202,268.14340635137324,86.56,3.097775027164663,-50,36
PSY106 colony 36C 8 01 m-25.csv,PSY106 colony 36C 8,285.11,561.24,92.79,490.24,724.3575496793602,6.3155,125.3037233789882,234.1175496793602,71,3.297430277174087,-25,36
PSY106 colony 36C 8 01 m-35.csv,PSY106 colony 36C 8,285.11,561.24,92.79,490.24,720.1557829121215,7.3795,126.28173588996545,229.91578291212147,71,3.2382504635510068,-35,36
PSY106 colony 36C 8 01 m-50.csv,PSY106 colony 36C 8,285.11,561.24,92.79,490.24,714.3575046040515,9.774000000000001,127.29862799263353,224.11750460405153,71,3.15658457188805,-50,36
PSY106 colony 36C 8 02 m-25.csv,PSY106 colony 36C 8,280.85,578.04,115.25,490.24,768.2495542590432,4.7135,155.3310015911743,278.00955425904317,87.79999999999995,3.166395834385459,-25,36
PSY106 colony 36C 8 02 m-35.csv,PSY106 colony 36C 8,280.85,578.04,115.25,490.24,761.2700625775475,5.5611,156.24079264893638,271.0300625775475,87.79999999999995,3.086902762842228,-35,36
PSY106 colony 36C 8 02 m-50.csv,PSY106 colony 36C 8,280.85,578.04,115.25,490.24,749.6133424770264,7.291,154.8790330544507,259.3733424770264,87.79999999999995,2.9541382970048584,-50,36
PSY106 colony 36C 8 03 m-25.csv,PSY106 colony 36C 8,283.56,576.54,121.18,490.24,829.944418423107,2.562,181.77322404371586,339.704418423107,86.29999999999995,3.936320028077719,-25,36
PSY106 colony 36C 8 03 m-35.csv,PSY106 colony 36C 8,283.56,576.54,121.18,490.24,822.6856357388317,2.91,183.26821305841926,332.4456357388317,86.29999999999995,3.852208988862478,-35,36
PSY106 colony 36C 8 03 m-50.csv,PSY106 colony 36C 8,283.56,576.54,121.18,490.24,808.7066124661246,3.6900000000000004,183.98409214092138,318.4666124661246,86.29999999999995,3.690227259167147,-50,36
PSY106 colony 36C 8 04 m-25.csv,PSY106 colony 36C 8,290.1,580.31,112.64,490.24,781.6896461860376,5.257,155.48814342781054,291.4496461860376,90.06999999999994,3.235812658887952,-25,36
PSY106 colony 36C 8 04 m-35.csv,PSY106 colony 36C 8,290.1,580.31,112.64,490.24,776.3135979009512,6.098,153.78738602820596,286.0735979009512,90.06999999999994,3.1761252126229755,-35,36
PSY106 colony 36C 8 04 m-50.csv,PSY106 colony 36C 8,290.1,580.31,112.64,490.24,764.9685843600705,7.954000000000001,151.72464420417398,274.7285843600705,90.06999999999994,3.0501674737434294,-50,36
PSY106 colony 36C 8 05 m-25.csv,PSY106 colony 36C 8,303.72,640.93,147.82,490.24,858.4843810922935,10.8231,206.5453331300644,368.24438109229345,150.68999999999994,2.4437214220737515,-25,36
PSY106 colony 36C 8 05 m-35.csv,PSY106 colony 36C 8,303.72,640.93,147.82,490.24,853.8442587238729,12.3483,216.33806669744013,363.60425872387293,150.68999999999994,2.4129289184675367,-35,36
PSY106 colony 36C 8 05 m-50.csv,PSY106 colony 36C 8,303.72,640.93,147.82,490.24,839.1423797007304,15.9789,210.6718388624999,348.9023797007304,150.68999999999994,2.315365184821359,-50,36
PSY106 colony 36C 8 06 m-25.csv,PSY106 colony 36C 8,280.37,555.79,105.42,490.24,746.2113951762524,2.695,152.1632504638219,255.97139517625237,65.54999999999995,3.9049793314455004,-25,36
PSY106 colony 36C 8 06 m-35.csv,PSY106 colony 36C 8,280.37,555.79,105.42,490.24,741.7212353870459,3.165,151.94722274881516,251.4812353870459,65.54999999999995,3.8364795634942195,-35,36
PSY106 colony 36C 8 06 m-50.csv,PSY106 colony 36C 8,280.37,555.79,105.42,490.24,730.1602478380598,4.1398,151.92912942654232,239.92024783805982,65.54999999999995,3.660110569611899,-50,36
PSY106 colony 36C 8 07 m-25.csv,PSY106 colony 36C 8,298.5,567.09,104.6,490.24,776.5883179387458,4.114,121.21837384540595,286.3483179387458,76.85000000000002,3.726067897706516,-25,36
PSY106 colony 36C 8 07 m-35.csv,PSY106 colony 36C 8,298.5,567.09,104.6,490.24,769.4560965630113,4.888,121.12228518821605,279.2160965630113,76.85000000000002,3.6332608531296193,-35,36
PSY106 colony 36C 8 07 m-50.csv,PSY106 colony 36C 8,298.5,567.09,104.6,490.24,758.7819976004799,6.668,120.61644571085782,268.54199760047993,76.85000000000002,3.4943656161415726,-50,36
PSY106 colony 36C 9 01 m-25.csv,PSY106 colony 36C 9,307.17,563.25,94.86,495.9,729.139550607139,2.7259,97.9333728309916,233.239550607139,67.35000000000002,3.4630965197793455,-25,36
PSY106 colony 36C 9 01 m-35.csv,PSY106 colony 36C 9,307.17,563.25,94.86,495.9,724.875233264488,3.2923999999999998,100.64906633458875,228.975233264488,67.35000000000002,3.3997807463175636,-35,36
PSY106 colony 36C 9 01 m-50.csv,PSY106 colony 36C 9,307.17,563.25,94.86,495.9,718.3662381596752,4.434,102.44253044654938,222.46623815967519,67.35000000000002,3.303136424048628,-50,36
PSY106 colony 36C 9 02 m-25.csv,PSY106 colony 36C 9,296.98,583.44,104.03,495.9,733.3003109845915,6.0421000000000005,95.93862084374638,237.40031098459156,87.54000000000008,2.7119066824833373,-25,36
PSY106 colony 36C 9 02 m-35.csv,PSY106 colony 36C 9,296.98,583.44,104.03,495.9,731.4707954578457,6.8866,96.02801266227166,235.57079545784575,87.54000000000008,2.691007487523938,-35,36
PSY106 colony 36C 9 02 m-50.csv,PSY106 colony 36C 9,296.98,583.44,104.03,495.9,726.7367423631124,8.674999999999999,96.17657752161384,230.83674236311242,87.54000000000008,2.636928745294862,-50,36
PSY106 colony 36C 9 04 m-25.csv,PSY106 colony 36C 9,293.45,566.1,90.86,495.9,720.4591869101712,4.5776,86.31787923802865,224.5591869101712,70.20000000000005,3.1988488163842033,-25,36
PSY106 colony 36C 9 04 m-35.csv,PSY106 colony 36C 9,293.45,566.1,90.86,495.9,717.4257009345794,5.243,87.58535761968338,221.5257009345794,70.20000000000005,3.155636765449847,-35,36
PSY106 colony 36C 9 04 m-50.csv,PSY106 colony 36C 9,293.45,566.1,90.86,495.9,709.9265934558493,6.6930000000000005,90.5548782309876,214.02659345584937,70.20000000000005,3.048811872590445,-50,36
PSY106 colony 36C 9 05 m-25.csv,PSY106 colony 36C 9,289.54,575.64,103.87,495.9,735.1671763827252,6.9627,108.64614589167995,239.2671763827252,79.74000000000001,3.0005916275736793,-25,36
PSY106 colony 36C 9 05 m-35.csv,PSY106 colony 36C 9,289.54,575.64,103.87,495.9,731.8093929728321,8.0573,108.95422461618658,235.90939297283217,79.74000000000001,2.9584824802211203,-35,36
PSY106 colony 36C 9 05 m-50.csv,PSY106 colony 36C 9,289.54,575.64,103.87,495.9,725.5207714983411,10.2787,110.04200093397026,229.62077149834113,79.74000000000001,2.8796184035407713,-50,36
