filename,RawCellIntDen,RawCellMean,CellVolume_um3,ItemName,RawMitoIntDen,RawMitoMean,MitoVolume_um3,ExtracellularBackground,CellIntDenCorr,MitoIntDenCorr,FractionInMito,MitoMeanCorr,MitoThresh,Temp
GTY030 clump 25C 01 m-25.csv,124000000,608.94,242.55,GTY030 clump 25C,2450306.97,993.6151932893213,2.9386,523.99,17304629.629629638,1159016.2030738217,0.06697723256031499,469.62519328932126,-25,25
GTY030 clump 25C 01 m-35.csv,124000000,608.94,242.55,GTY030 clump 25C,2903766.82,1008.6031430235946,3.433,523.99,17304629.629629638,1397225.9343243472,0.0807428973765474,484.6131430235946,-35,25
GTY030 clump 25C 01 m-50.csv,124000000,608.94,242.55,GTY030 clump 25C,3638296.8,995.7087052341599,4.356,523.99,17304629.629629638,1725713.1771227012,0.09972551935858079,471.71870523415987,-50,25
GTY030 clump 25C 02 m-25.csv,132000000,640.05,244.65,GTY030 clump 25C,2645581.15,1045.4321070122965,3.009,523.99,23846543.209876534,1317728.4790459392,0.0552586791070068,521.4421070122964,-25,25
GTY030 clump 25C 02 m-35.csv,132000000,640.05,244.65,GTY030 clump 25C,2954457.15,1031.7697446433813,3.407,523.99,23846543.209876534,1452931.5444696394,0.060928392500422375,507.77974464338126,-35,25
GTY030 clump 25C 02 m-50.csv,132000000,640.05,244.65,GTY030 clump 25C,3657468.25,1032.8447429519072,4.221,523.99,23846543.209876534,1803876.6019988242,0.075645203001654,508.85474295190716,-50,25
GTY030 clump 25C 03 m-25.csv,134000000,609.86,261.27,GTY030 clump 25C,2272224.66,783.5219950774575,3.4535,523.99,18842071.80650038,752745.2296968165,0.03995023675884331,259.5319950774575,-25,25
GTY030 clump 25C 03 m-35.csv,134000000,609.86,261.27,GTY030 clump 25C,2636730.94,780.0896597963743,4.027,523.99,18842071.80650038,866140.362811791,0.0459684249007574,256.09965979637434,-35,25
GTY030 clump 25C 03 m-50.csv,134000000,609.86,261.27,GTY030 clump 25C,3372073.69,772.358369857747,5.202,523.99,18842071.80650038,1085086.302175191,0.05758848142171096,248.36836985774698,-50,25
GTY030 clump 25C 04 m-25.csv,156000000,602,308.91,GTY030 clump 25C,3614284.91,807.7677116575935,5.327,523.99,20238573.19223986,1269575.770555136,0.06273049777253732,283.7777116575935,-25,25
GTY030 clump 25C 04 m-35.csv,156000000,602,308.91,GTY030 clump 25C,4121443.89,803.8215113803832,6.107,523.99,20238573.19223986,1435232.2499370119,0.07091568344784936,279.8315113803832,-35,25
GTY030 clump 25C 04 m-50.csv,156000000,602,308.91,GTY030 clump 25C,5163220.86,798.1572232328482,7.696,523.99,20238573.19223986,1772059.2508608378,0.08755850691788412,274.1672232328482,-50,25
GTY030 clump 25C 10 01 m-25.csv,138000000,554.88,296.18,GTY030 clump 25C 10,1612250.68,662.3809768726269,2.897,525.28,7362835.306962296,333569.7740824726,0.045304527423973354,137.10097687262692,-25,25
GTY030 clump 25C 10 01 m-35.csv,138000000,554.88,296.18,GTY030 clump 25C 10,2111926.99,661.4308681925808,3.801,525.28,7362835.306962296,434626.22826908506,0.05902973652800607,136.1508681925808,-35,25
GTY030 clump 25C 10 01 m-50.csv,138000000,554.88,296.18,GTY030 clump 25C 10,3295481.19,646.9989665403,6.067,525.28,7362835.306962296,620197.3377005125,0.08423349319168581,121.71896654030002,-50,25
GTY030 clump 25C 10 02 m-25.csv,159000000,568.08,332.76,GTY030 clump 25C 10,3550080.55,655.1150154894672,6.4559999999999995,525.28,11961138.825900748,703968.1363903588,0.058854607963079605,129.8350154894672,-25,25
GTY030 clump 25C 10 02 m-35.csv,159000000,568.08,332.76,GTY030 clump 25C 10,4130412.85,652.5198527070064,7.536,525.28,11961138.825900748,805307.4074074076,0.0673269844225525,127.23985270700643,-35,25
GTY030 clump 25C 10 02 m-50.csv,159000000,568.08,332.76,GTY030 clump 25C 10,5692286.56,643.2232298684785,10.5382,525.28,11961138.825900748,1043847.6064499876,0.08726991816110614,117.94322986847851,-50,25
GTY030 clump 25C 10 03 m-25.csv,157000000,592.97,314.58,GTY030 clump 25C 10,2821199.39,702.2503592314118,4.788,525.28,17883530.864197545,711626.8413538254,0.03979230090286519,176.97035923141186,-25,25
GTY030 clump 25C 10 03 m-35.csv,157000000,592.97,314.58,GTY030 clump 25C 10,3411404.42,700.2755808341951,5.802,525.28,17883530.864197545,852712.1525153273,0.04768142035208714,174.99558083419515,-35,25
GTY030 clump 25C 10 03 m-50.csv,157000000,592.97,314.58,GTY030 clump 25C 10,4996742.58,688.6239630285562,8.639100000000001,525.28,17883530.864197545,1185138.8519358363,0.06626984687394476,163.34396302855623,-50,25
GTY030 clump 25C 10 04 m-25.csv,171000000,597.85,341.29,GTY030 clump 25C 10,1968852.94,649.9605964678441,3.6012,525.28,20800718.316956423,377088.9090450997,0.018128648410074506,124.68059646784411,-25,25
GTY030 clump 25C 10 04 m-35.csv,171000000,597.85,341.29,GTY030 clump 25C 10,2711111.38,653.7371467369275,4.934,525.28,20800718.316956423,532298.2800033595,0.025590379711523628,128.45714673692748,-35,25
GTY030 clump 25C 10 04 m-50.csv,171000000,597.85,341.29,GTY030 clump 25C 10,4790141.2,657.5104139179775,8.6708,525.28,20800718.316956423,962915.4892080287,0.046292415220251064,132.23041391797756,-50,25
GTY030 clump 25C 10 05 m-25.csv,117000000,566.91,245,GTY030 clump 25C 10,1547566.55,652.7015739099611,2.8209999999999997,525.28,8565843.621399175,301886.5037372976,0.03524305568492113,127.42157390996113,-25,25
GTY030 clump 25C 10 05 m-35.csv,117000000,566.91,245,GTY030 clump 25C 10,1870604.97,649.967646544182,3.429,525.28,8565843.621399175,359077.8029730412,0.04191972429615615,124.68764654418203,-35,25
GTY030 clump 25C 10 05 m-50.csv,117000000,566.91,245,GTY030 clump 25C 10,2694688.25,644.2,4.98,525.28,8565843.621399175,497372.63794406684,0.058064641374205264,118.92000000000007,-50,25
GTY030 clump 25C 10 08 m-25.csv,133000000,560.82,282.4,GTY030 clump 25C 10,1925841.18,679.0821601136902,3.3776,525.28,8429071.974468818,436283.00663475273,0.05175931679741605,153.8021601136902,-25,25
GTY030 clump 25C 10 08 m-35.csv,133000000,560.82,282.4,GTY030 clump 25C 10,2345434.02,672.229452166803,4.1582,525.28,8429071.974468818,513181.499958008,0.06088232506643741,146.94945216680298,-35,25
GTY030 clump 25C 10 08 m-50.csv,133000000,560.82,282.4,GTY030 clump 25C 10,3416223.6999999997,669.7175365544072,6.0663,525.28,8429071.974468818,735870.85579911,0.08730152714652588,144.4375365544072,-50,25
GTY030 clump 25C 11 01 m-25.csv,134000000,560.12,285.73,GTY030 clump 25C 11,2261918.92,672.002836454432,4.005,518,10107455.782312926,517998.95859578403,0.05124919364002881,154.00283645443199,-25,25
GTY030 clump 25C 11 01 m-35.csv,134000000,560.12,285.73,GTY030 clump 25C 11,2780826.45,670.0650243210376,4.934,518,10107455.782312926,630124.1538590742,0.06234250907748029,152.06502432103764,-35,25
GTY030 clump 25C 11 01 m-50.csv,134000000,560.12,285.73,GTY030 clump 25C 11,3853940.26,666.7791009440814,6.885,518,10107455.782312926,860287.318384144,0.08511413128213373,148.7791009440814,-50,25
GTY030 clump 25C 11 02 m-25.csv,97296200,550.52,210.44,GTY030 clump 25C 11,1176604.95,657.7027280405405,2.1312,518,5747466.868228769,250049.93197278903,0.043506111075651735,139.70272804054048,-25,25
GTY030 clump 25C 11 02 m-35.csv,97296200,550.52,210.44,GTY030 clump 25C 11,1453660.23,654.5446714501511,2.648,518,5747466.868228769,303661.95515243144,0.0528340505677439,136.5446714501511,-35,25
GTY030 clump 25C 11 02 m-50.csv,97296200,550.52,210.44,GTY030 clump 25C 11,2076973.08,646.4153803921569,3.825,518,5747466.868228769,412521.0632401109,0.07177441344124529,128.41538039215686,-50,25
GTY030 clump 25C 11 03 m-25.csv,124000000,565.97,261.42,GTY030 clump 25C 11,2678542.61,679.2950074483933,4.699,518,10531886.621315198,636537.5325438819,0.060439079476568895,161.29500744839333,-25,25
GTY030 clump 25C 11 03 m-35.csv,124000000,565.97,261.42,GTY030 clump 25C 11,3212957.34,672.434913823426,5.686,518,10531886.621315198,737479.5666414715,0.07002350036211999,154.43491382342597,-35,25
GTY030 clump 25C 11 03 m-50.csv,124000000,565.97,261.42,GTY030 clump 25C 11,4436905.55,666.9171032046429,7.926,518,10531886.621315198,991279.8857814728,0.09412177717288073,148.9171032046429,-50,25
GTY030 clump 25C 11 04 m-25.csv,122000000,565.35,256.12,GTY030 clump 25C 11,4095536.04,665.723727148704,7.33,518,10185002.099605279,909393.5668094403,0.08928751883563027,147.72372714870403,-25,25
GTY030 clump 25C 11 04 m-35.csv,122000000,565.35,256.12,GTY030 clump 25C 11,4654891.2,664.0430404596601,8.354,518,10185002.099605279,1024643.9573360211,0.10060321513097492,146.04304045966012,-35,25
GTY030 clump 25C 11 04 m-50.csv,122000000,565.35,256.12,GTY030 clump 25C 11,5996641.9,657.7472758083975,10.8579,518,10185002.099605279,1274344.4578819175,0.1251197049759376,139.7472758083975,-50,25
GTY030 clump 25C 11 05 m-25.csv,170000000,579.37,348.99,GTY030 clump 25C 11,3459249.18,660.2878651054616,6.2345,518,17987332.07357017,745018.6402956247,0.041419074115517325,142.2878651054616,-25,25
GTY030 clump 25C 11 05 m-35.csv,170000000,579.37,348.99,GTY030 clump 25C 11,4048834.55,657.1630386137263,7.329000000000001,518,17987332.07357017,856576.7279751404,0.047621110483291644,139.16303861372626,-35,25
GTY030 clump 25C 11 05 m-50.csv,170000000,579.37,348.99,GTY030 clump 25C 11,5353463.35,651.3659099264705,9.792,518,17987332.07357017,1096765.7596371877,0.060974343229518134,133.36590992647052,-50,25
GTY030 clump 25C 11 06 m-25.csv,175000000,582.41,357.39,GTY030 clump 25C 11,1981879,690.7827890279283,3.4123,518,19332736.961451236,495159.7472075247,0.025612501126708286,172.7827890279283,-25,25
GTY030 clump 25C 11 06 m-35.csv,175000000,582.41,357.39,GTY030 clump 25C 11,2566138.98,694.6861228668943,4.395,518,19332736.961451236,652167.2209624592,0.03373382787252817,176.68612286689427,-35,25
GTY030 clump 25C 11 06 m-50.csv,175000000,582.41,357.39,GTY030 clump 25C 11,3795725.37,699.9344373935924,6.461,518,19332736.961451236,987216.2593432437,0.05106448514308742,181.93443739359236,-50,25
GTY030 clump 25C 12 01 m-25.csv,130000000,617.78,251.1,GTY030 clump 25C 12,3219190.89,1071.9345505932392,3.5736000000000003,518.53,20930272.10884354,1660910.8104476358,0.07935447765850409,553.4045505932393,-25,25
GTY030 clump 25C 12 01 m-35.csv,130000000,617.78,251.1,GTY030 clump 25C 12,3756464.67,1076.8465116949926,4.1599,518.53,20930272.10884354,1950567.6131687243,0.09319360985969041,558.3165116949926,-35,25
GTY030 clump 25C 12 01 m-50.csv,130000000,617.78,251.1,GTY030 clump 25C 12,4682215.26,1070.4560641567423,5.2059999999999995,518.53,20930272.10884354,2413141.0850760057,0.11529430064391738,551.9260641567423,-50,25
GTY030 clump 25C 12 02 m-25.csv,97447768,586.2,197.94,GTY030 clump 25C 12,1371569.8299999998,769.6743673276676,2.1180000000000003,518.53,11249348.954396583,446731.9811875368,0.039711807589801945,251.14436732766762,-25,25
GTY030 clump 25C 12 02 m-35.csv,97447768,586.2,197.94,GTY030 clump 25C 12,1549938.0699999998,762.0022841800908,2.4210000000000003,518.53,11249348.954396583,495041.90812127315,0.04400627184098471,243.4722841800908,-35,25
GTY030 clump 25C 12 02 m-50.csv,97447768,586.2,197.94,GTY030 clump 25C 12,1850068.88,751.7600306643951,2.935,518.53,11249348.954396583,574897.236919459,0.05110493409441014,233.23003066439514,-50,25
GTY030 clump 25C 12 03 m-25.csv,120000000,609.72,233.99,GTY030 clump 25C 12,2593151.17,1098.5447165775402,2.8049999999999997,518.53,17920171.411774598,1366373.796926178,0.07624780843493444,580.0147165775402,-25,25
GTY030 clump 25C 12 03 m-35.csv,120000000,609.72,233.99,GTY030 clump 25C 12,2956755.63,1081.6939538461538,3.25,518.53,17920171.411774598,1537148.6100613084,0.08577756176212199,563.1639538461538,-35,25
GTY030 clump 25C 12 03 m-50.csv,120000000,609.72,233.99,GTY030 clump 25C 12,3553661.0300000003,1024.7990662796324,4.1339999999999995,518.53,17920171.411774598,1757719.257579575,0.09808607391024457,506.2690662796324,-50,25
GTY030 clump 25C 12 04 m-25.csv,89580032,600.47,177.63,GTY030 clump 25C 12,2499138.25,769.9156872896713,3.863,518.53,12223903.754094237,815573.1166540692,0.06671953027942515,251.3856872896713,-25,25
GTY030 clump 25C 12 04 m-35.csv,89580032,600.47,177.63,GTY030 clump 25C 12,2764244.55,765.5159572490705,4.304,518.53,12223903.754094237,892775.3086419752,0.07303520435057023,246.98595724907057,-35,25
GTY030 clump 25C 12 04 m-50.csv,89580032,600.47,177.63,GTY030 clump 25C 12,3268941.45,757.2235271242465,5.143,518.53,12223903.754094237,1030990.8541194254,0.08434219336634653,238.69352712424654,-50,25
GTY030 clump 25C 12 05 m-25.csv,116000000,612.23,224.89,GTY030 clump 25C 12,2143375.67,731.5260252728317,3.482,518.53,17697315.02477535,622870.7147056354,0.03519577482989074,212.99602527283173,-25,25
GTY030 clump 25C 12 05 m-35.csv,116000000,612.23,224.89,GTY030 clump 25C 12,2428071.33,728.4903735487128,3.9619999999999997,518.53,17697315.02477535,698633.5768875453,0.03947681192935163,209.96037354871282,-35,25
GTY030 clump 25C 12 05 m-50.csv,116000000,612.23,224.89,GTY030 clump 25C 12,2997851.29,722.8907099391481,4.93,518.53,17697315.02477535,846139.4977744186,0.04781174413123493,204.36070993914814,-50,25
GTY030 clump 25C 13 02 m-25.csv,89110160,581.52,182.46,GTY030 clump 25C 13,1440871.7999999998,786.4884152503446,2.177,510.53,10878336.608717563,504544.7803812885,0.04638069206067423,275.9584152503446,-25,25
GTY030 clump 25C 13 02 m-35.csv,89110160,581.52,182.46,GTY030 clump 25C 13,1667586.65,782.547315727237,2.537,510.53,10878336.608717563,579581.6998404303,0.05327852232261056,272.017315727237,-35,25
GTY030 clump 25C 13 02 m-50.csv,89110160,581.52,182.46,GTY030 clump 25C 13,2046222.2699999998,774.2001368119631,3.143,510.53,10878336.608717563,695989.9554883683,0.0639794465387864,263.6701368119632,-50,25
GTY030 clump 25C 13 03 m-25.csv,146000000,615.36,283.45,GTY030 clump 25C 13,1840144.09,760.6612343532686,2.876,510.53,24955121.77710591,604163.4584698081,0.02420999840698329,250.1312343532686,-25,25
GTY030 clump 25C 13 03 m-35.csv,146000000,615.36,283.45,GTY030 clump 25C 13,2284614.4,797.2178138718175,3.417,510.53,24955121.77710591,822719.6271101036,0.03296796683496352,286.6878138718175,-35,25
GTY030 clump 25C 13 03 m-50.csv,146000000,615.36,283.45,GTY030 clump 25C 13,3002962.04,808.4566455409688,4.418,510.53,24955121.77710591,1105433.711262283,0.04429686703738787,297.9266455409688,-50,25
GTY030 clump 25C 13 04 m-25.csv,151000000,617.7,290.68,GTY030 clump 25C 13,3250094.1,809.315845151319,4.7879000000000005,510.53,26162908.877131116,1201441.797262115,0.045921567930555685,298.785845151319,-25,25
GTY030 clump 25C 13 04 m-35.csv,151000000,617.7,290.68,GTY030 clump 25C 13,3616025.57,806.6173878499419,5.3366,510.53,26162908.877131116,1327034.478877971,0.05072197763292009,296.08738784994193,-35,25
GTY030 clump 25C 13 04 m-50.csv,151000000,617.7,290.68,GTY030 clump 25C 13,4371994.04,798.8464671577656,6.516,510.53,26162908.877131116,1577786.260183086,0.060306224647757804,288.3164671577656,-50,25
GTY030 clump 25C 13 05 m-25.csv,179000000,609.92,349.44,GTY030 clump 25C 13,3521153.84,758.3065058717254,5.535,510.53,29168423.280423276,1151795.5488368191,0.03948775488354422,247.77650587172548,-25,25
GTY030 clump 25C 13 05 m-35.csv,179000000,609.92,349.44,GTY030 clump 25C 13,3972515.66,754.7586853860881,6.268,510.53,29168423.280423276,1285651.6334929038,0.0440768299723552,244.22868538608816,-35,25
GTY030 clump 25C 13 05 m-50.csv,179000000,609.92,349.44,GTY030 clump 25C 13,4922748.29,748.5280617977528,7.832,510.53,29168423.280423276,1565466.3811203493,0.05366990070289573,237.99806179775283,-50,25
GTY030 clump 25C 13 06 m-25.csv,101000000,593.03,202.39,GTY030 clump 25C 13,909861.3,699.9044832041344,1.548,510.53,14022990.67775258,246201.14218526924,0.017556963977439305,189.37448320413444,-25,25
GTY030 clump 25C 13 06 m-35.csv,101000000,593.03,202.39,GTY030 clump 25C 13,1062549.32,697.6296471885336,1.814,510.53,14022990.67775258,285041.37062232295,0.020326717543536557,187.0996471885336,-35,25
GTY030 clump 25C 13 06 m-50.csv,101000000,593.03,202.39,GTY030 clump 25C 13,1396244.44,693.2945739348371,2.394,510.53,14022990.67775258,367463.16452506935,0.02620433636228884,182.76457393483713,-50,25
GTY030 clump 25C 13 07 m-25.csv,171000000,584.3,348.29,GTY030 clump 25C 13,3073458.77,750.336143442623,4.88,510.53,21578360.040312417,982828.5714285716,0.045546953966495315,239.806143442623,-25,25
GTY030 clump 25C 13 07 m-35.csv,171000000,584.3,348.29,GTY030 clump 25C 13,3470922.17,748.0373256024643,5.519,510.53,21578360.040312417,1100867.4981103558,0.05101719945601654,237.50732560246433,-35,25
GTY030 clump 25C 13 07 m-50.csv,171000000,584.3,348.29,GTY030 clump 25C 13,4302038.7299999995,743.5284141736857,6.886,510.53,21578360.040312417,1347465.4237003445,0.06244521924664464,232.99841417368577,-50,25
GTY030 clump 25C 14 01 m-25.csv,160000000,598.32,318.98,GTY030 clump 25C 14,1980834.1,776.5798967241153,3.0404,508.42,24083565.969597723,684734.4839170238,0.028431607046124702,268.1598967241153,-25,25
GTY030 clump 25C 14 01 m-35.csv,160000000,598.32,318.98,GTY030 clump 25C 14,2345834.42,775.9869119688976,3.601,508.42,24083565.969597723,809194.9693457632,0.03359946655604338,267.5669119688976,-35,25
GTY030 clump 25C 14 01 m-50.csv,160000000,598.32,318.98,GTY030 clump 25C 14,3080781.09,779.5519141703845,4.707,508.42,24083565.969597723,1071821.5503485342,0.044504271157417695,271.1319141703845,-50,25
GTY030 clump 25C 14 02 m-25.csv,227000000,639.7,422.73,GTY030 clump 25C 14,3651569.46,773.6404091070792,5.622,508.42,46607873.01587303,1252262.652221382,0.02686804977766105,265.2204091070792,-25,25
GTY030 clump 25C 14 02 m-35.csv,227000000,639.7,422.73,GTY030 clump 25C 14,4192045.85,774.8843961502639,6.442,508.42,46607873.01587303,1441642.4288233812,0.03093130699897864,266.4643961502639,-35,25
GTY030 clump 25C 14 02 m-50.csv,227000000,639.7,422.73,GTY030 clump 25C 14,5300198.33,770.0833251953126,8.192,508.42,46607873.01587303,1800240.1612496853,0.038625237427946685,261.66332519531255,-50,25
GTY030 clump 25C 14 03 m-25.csv,145000000,600.73,287,GTY030 clump 25C 14,1472034.28,760.2920086767896,2.305,508.42,22249911.816578485,487582.917611489,0.021913925845233658,251.87200867678956,-25,25
GTY030 clump 25C 14 03 m-35.csv,145000000,600.73,287,GTY030 clump 25C 14,1764721.27,760.985228729762,2.7609,508.42,22249911.816578485,585628.0675233054,0.026320466901219444,252.56522872976194,-35,25
GTY030 clump 25C 14 03 m-50.csv,145000000,600.73,287,GTY030 clump 25C 14,2389407.03,769.2312231753849,3.6953,508.42,22249911.816578485,809419.428067523,0.036378545440545154,260.8112231753849,-50,25
GTY030 clump 25C 14 04 m-25.csv,118000000,570.93,246.22,GTY030 clump 25C 14,1460639.29,780.6660664571173,2.227,508.42,12926188.124632554,509189.5439657345,0.03939208829828236,272.24606645711725,-25,25
GTY030 clump 25C 14 04 m-35.csv,118000000,570.93,246.22,GTY030 clump 25C 14,1692514.51,777.1042471042471,2.5900000000000003,508.42,12926188.124632554,584439.5733602083,0.04521360572236154,268.68424710424705,-35,25
GTY030 clump 25C 14 04 m-50.csv,118000000,570.93,246.22,GTY030 clump 25C 14,2134443.73,764.7393748121431,3.327,508.42,12926188.124632554,716195.9855547156,0.055406588442721935,256.31937481214305,-50,25
GTY030 clump 25C 14 05 m-25.csv,198000000,629.22,374.32,GTY030 clump 25C 14,4053682.44,830.7307697606337,5.807,508.42,37975859.57839926,1571897.740824725,0.041392025309647584,322.3107697606337,-25,25
GTY030 clump 25C 14 05 m-35.csv,198000000,629.22,374.32,GTY030 clump 25C 14,4538510.04,840.0737334784637,6.431,508.42,37975859.57839926,1791269.975644579,0.04716864859758057,331.6537334784637,-35,25
GTY030 clump 25C 14 05 m-50.csv,198000000,629.22,374.32,GTY030 clump 25C 14,5476476.4799999995,843.0523457109587,7.729,508.42,37975859.57839926,2172145.2926849746,0.05719805467999189,334.63234571095865,-50,25
GTY030 clump 25C 15 01 m-25.csv,115000000,564.85,243.02,GTY030 clump 25C 15,1531550.05,744.8552237770797,2.4511,508.55,11490741.580582852,486443.0452674896,0.04233347707422862,236.30522377707968,-25,25
GTY030 clump 25C 15 01 m-35.csv,115000000,564.85,243.02,GTY030 clump 25C 15,1751347.55,741.8298722498228,2.818,508.55,11490741.580582852,552097.6568405144,0.04804717371535476,233.27987224982274,-35,25
GTY030 clump 25C 15 01 m-50.csv,115000000,564.85,243.02,GTY030 clump 25C 15,2249670.45,735.4583964854476,3.642,508.55,11490741.580582852,694045.8385823464,0.06040043923319542,226.90839648544755,-50,25
GTY030 clump 25C 15 02 m-25.csv,123000000,578.31,253.35,GTY030 clump 25C 15,2011099.17,723.129172705314,3.312,508.55,14843114.13454269,596864.2143277063,0.04021152225318352,214.57917270531397,-25,25
GTY030 clump 25C 15 02 m-35.csv,123000000,578.31,253.35,GTY030 clump 25C 15,2323223.69,719.9731891610213,3.838,508.55,14843114.13454269,681483.3291341226,0.04591242261946797,211.4231891610213,-35,25
GTY030 clump 25C 15 02 m-50.csv,123000000,578.31,253.35,GTY030 clump 25C 15,2872442.2199999997,712.9129360283393,4.7989999999999995,508.55,14843114.13454269,823664.844209289,0.05549137712903975,204.36293602833933,-50,25
GTY030 clump 25C 15 03 m-25.csv,153000000,596.45,305.31,GTY030 clump 25C 15,3224428.01,768.2775654607236,5.003,508.55,22538631.897203334,1091305.123036869,0.048419315245673,259.7275654607236,-25,25
GTY030 clump 25C 15 03 m-35.csv,153000000,596.45,305.31,GTY030 clump 25C 15,3581790.3,767.1252771778258,5.556,508.55,22538631.897203334,1206554.3293860753,0.05353272261107332,258.57527717782574,-35,25
GTY030 clump 25C 15 03 m-50.csv,153000000,596.45,305.31,GTY030 clump 25C 15,4309333.33,761.3689691027926,6.732,508.55,22538631.897203334,1429392.2062652218,0.0634196526561395,252.81896910279255,-50,25
GTY030 clump 25C 15 04 m-25.csv,113000000,574.47,233.89,GTY030 clump 25C 15,1610847.4400000002,736.2302920830131,2.602,508.55,12948709.834551105,497542.72276811954,0.03842411553933535,227.68029208301306,-25,25
GTY030 clump 25C 15 04 m-35.csv,113000000,574.47,233.89,GTY030 clump 25C 15,1838484.22,733.913003687563,2.9829999999999997,508.55,12948709.834551105,564590.442596792,0.04360206150347833,225.36300368756298,-35,25
GTY030 clump 25C 15 04 m-50.csv,113000000,574.47,233.89,GTY030 clump 25C 15,2300017.5,731.5574226254002,3.7479999999999998,508.55,12948709.834551105,701966.7590492987,0.054211328234125486,223.00742262540024,-50,25
GTY030 clump 25C 16 01 m-25.csv,195000000,561.5,413.38,GTY030 clump 25C 16,4259586.72,713.7483976190141,7.1063,498.67,21812938.10363651,1283624.4368858654,0.05884692978026045,215.07839761901408,-25,25
GTY030 clump 25C 16 01 m-35.csv,195000000,561.5,413.38,GTY030 clump 25C 16,4840767.06,707.6162905623748,8.1387,498.67,21812938.10363651,1428194.4864365498,0.06547464993716048,208.94629056237483,-35,25
GTY030 clump 25C 16 01 m-50.csv,195000000,561.5,413.38,GTY030 clump 25C 16,6118020.4799999995,695.4627354354326,10.4689,498.67,21812938.10363651,1730245.626942135,0.07932198857033751,196.79273543543258,-50,25
GTY030 clump 25C 16 02 m-25.csv,129000000,558.31,275.93,GTY030 clump 25C 16,1770654.8299999998,743.6746460021133,2.839,498.67,13820832.4514991,584167.4561182493,0.042267168650531366,245.00464600211325,-25,25
GTY030 clump 25C 16 02 m-35.csv,129000000,558.31,275.93,GTY030 clump 25C 16,2058382.19,736.9569031870114,3.326,498.67,13820832.4514991,665610.3468547913,0.04815993169663197,238.28690318701143,-35,25
GTY030 clump 25C 16 02 m-50.csv,129000000,558.31,275.93,GTY030 clump 25C 16,2697666.63,726.9464255030522,4.423,498.67,13820832.4514991,847960.5526161079,0.06135379729056279,228.27642550305217,-50,25
GTY030 clump 25C 16 03 m-25.csv,179000000,603.32,352.94,GTY030 clump 25C 16,3332816.38,860.5343030565792,4.6129999999999995,498.67,31019711.934156384,1401931.6620475347,0.04519486399562085,361.8643030565792,-25,25
GTY030 clump 25C 16 03 m-35.csv,179000000,603.32,352.94,GTY030 clump 25C 16,3651706.61,852.4005467372135,5.103,498.67,31019711.934156384,1515988.0574452006,0.04887176453034427,353.7305467372135,-35,25
GTY030 clump 25C 16 03 m-50.csv,179000000,603.32,352.94,GTY030 clump 25C 16,4425171.26,850.1771780821916,6.205,498.67,31019711.934156384,1831781.338708322,0.05905217116769267,351.5071780821916,-50,25
GTY030 clump 25C 16 04 m-25.csv,169000000,580.15,347.04,GTY030 clump 25C 16,2711456.26,707.6390666082383,4.564,498.67,23748063.49206348,800986.6633072977,0.033728504371524214,208.96906660823828,-25,25
GTY030 clump 25C 16 04 m-35.csv,169000000,580.15,347.04,GTY030 clump 25C 16,3129187.9499999997,704.1555765595464,5.289999999999999,498.67,23748063.49206348,912924.0782732847,0.03844204301451277,205.48557655954636,-35,25
GTY030 clump 25C 16 04 m-50.csv,169000000,580.15,347.04,GTY030 clump 25C 16,4015581.51,695.5657059679767,6.87,498.67,23748063.49206348,1136032.1659528005,0.04783683378362444,196.89570596797665,-50,25
GTY030 clump 25C 16 05 m-25.csv,136000000,601.44,270.15,GTY030 clump 25C 16,2490947.65,787.7749363192528,3.7688,498.67,23316801.461325277,915074.0606366002,0.03924526535744622,289.1049363192528,-25,25
GTY030 clump 25C 16 05 m-35.csv,136000000,601.44,270.15,GTY030 clump 25C 16,2867955.0100000002,783.1968391332293,4.3564,498.67,23316801.461325277,1040994.9794238684,0.04464570241979924,284.5268391332293,-35,25
GTY030 clump 25C 16 05 m-50.csv,136000000,601.44,270.15,GTY030 clump 25C 16,3590320.46,771.3975076700957,5.5409999999999995,498.67,23316801.461325277,1269155.2196187116,0.05443093134895937,272.7275076700957,-50,25
GTY030 clump 25C 16 06 m-25.csv,77642720,546.45,169.18,GTY030 clump 25C 16,1626069.39,681.7872797744891,2.838,498.67,6788796.8421936715,436454.8920802889,0.06429046298272445,183.11727977448908,-25,25
GTY030 clump 25C 16 06 m-35.csv,77642720,546.45,169.18,GTY030 clump 25C 16,1889813.73,674.6903962773941,3.331,498.67,6788796.8421936715,492419.53472747107,0.07253413913743735,176.02039627739413,-35,25
GTY030 clump 25C 16 06 m-50.csv,77642720,546.45,169.18,GTY030 clump 25C 16,2450948.77,664.9320560747664,4.387,498.67,6788796.8421936715,612573.8137230199,0.09023304540736238,166.26205607476635,-50,25
GTY030 clump 25C 16 07 m-25.csv,133000000,556.12,285.75,GTY030 clump 25C 16,1571112.92,742.5324294907444,2.5174,498.67,13787131.519274373,515578.46644830774,0.03739562981085155,243.86242949074443,-25,25
GTY030 clump 25C 16 07 m-35.csv,133000000,556.12,285.75,GTY030 clump 25C 16,1821014.47,733.4024587731427,2.9653,498.67,13787131.519274373,584573.9145040733,0.04239996649679018,234.7324587731427,-35,25
GTY030 clump 25C 16 07 m-50.csv,133000000,556.12,285.75,GTY030 clump 25C 16,2291572.25,719.7796307042997,3.791,498.67,13787131.519274373,703978.0045351476,0.0510605127361691,221.10963070429972,-50,25
GTY030 clump 25C 17 01 m-25.csv,100000000,569.74,209.09,GTY030 clump 25C 17,1284943.56,777.2886541391568,1.969,506.68,11073499.118165785,447491.76114890387,0.04041105312545746,270.60865413915684,-25,25
GTY030 clump 25C 17 01 m-35.csv,100000000,569.74,209.09,GTY030 clump 25C 17,1441436,771.6781429856114,2.224,506.68,11073499.118165785,494965.87721508346,0.044698236025783836,264.9981429856114,-35,25
GTY030 clump 25C 17 01 m-50.csv,100000000,569.74,209.09,GTY030 clump 25C 17,1864694.08,751.298551607445,2.955,506.68,11073499.118165785,607078.0381288318,0.05482260229135126,244.618551607445,-50,25
GTY030 clump 25C 17 02 m-25.csv,110000000,582.42,225.09,GTY030 clump 25C 17,2136856.97,741.2351293103447,3.4335999999999998,506.68,14317894.17989417,676382.3733938016,0.047240352868622826,234.55512931034474,-25,25
GTY030 clump 25C 17 02 m-35.csv,110000000,582.42,225.09,GTY030 clump 25C 17,2445739.88,736.4584498403204,3.9454,506.68,14317894.17989417,761373.8943478628,0.05317638786694053,229.77844984032043,-35,25
GTY030 clump 25C 17 02 m-50.csv,110000000,582.42,225.09,GTY030 clump 25C 17,3075531.6,728.7800378184713,5.024,506.68,14317894.17989417,937121.51675485,0.06545107157383508,222.10003781847132,-50,25
GTY030 clump 25C 17 03 m-25.csv,119000000,584.87,242.17,GTY030 clump 25C 17,2472636.38,784.9802317527971,3.754,506.68,15902639.035861256,877415.864617452,0.05517423005319022,278.30023175279706,-25,25
GTY030 clump 25C 17 03 m-35.csv,119000000,584.87,242.17,GTY030 clump 25C 17,2795593.63,782.8679971791256,4.254,506.68,15902639.035861256,986733.6356764929,0.062048420608136715,276.1879971791256,-35,25
GTY030 clump 25C 17 03 m-50.csv,119000000,584.87,242.17,GTY030 clump 25C 17,3423671.4699999997,774.5843139490688,5.2620000000000005,506.68,15902639.035861256,1183935.9200470312,0.07444902178671074,267.9043139490688,-50,25
GTY030 clump 25C 17 04 m-25.csv,107000000,594.71,214.59,GTY030 clump 25C 17,1536465.48,758.3912168279413,2.4079,506.68,15864917.863441676,509024.472159234,0.032084910652591815,251.7112168279413,-25,25
GTY030 clump 25C 17 04 m-35.csv,107000000,594.71,214.59,GTY030 clump 25C 17,1898424.44,755.1191784617439,2.9956,506.68,15864917.863441676,625030.9926933737,0.03939705191500952,248.4391784617439,-35,25
GTY030 clump 25C 17 04 m-50.csv,107000000,594.71,214.59,GTY030 clump 25C 17,2590736.55,750.5071512052592,4.107,506.68,15864917.863441676,841016.3013353486,0.05301107188669061,243.8271512052592,-50,25
GTY030 clump 25C 17 05 m-25.csv,108000000,588.03,219.27,GTY030 clump 25C 17,1667782.22,783.3591988950276,2.534,506.68,14980779.793398835,588817.5778953555,0.039304868372393637,276.6791988950276,-25,25
GTY030 clump 25C 17 05 m-35.csv,108000000,588.03,219.27,GTY030 clump 25C 17,1892254.27,774.5483625730994,2.907,506.68,14980779.793398835,653979.4490635761,0.043654566590168226,267.86836257309943,-35,25
GTY030 clump 25C 17 05 m-50.csv,108000000,588.03,219.27,GTY030 clump 25C 17,2367440.1,758.0134231689933,3.7179,506.68,14980779.793398835,784775.7907113464,0.05238551006918557,251.3334231689933,-50,25
GTY030 clump 25C 17 06 m-25.csv,187000000,591.16,375.97,GTY030 clump 25C 17,3615656.59,812.6848930945905,5.2944,506.68,26675019.400352724,1360638.536995045,0.05100796803833077,306.0048930945905,-25,25
GTY030 clump 25C 17 06 m-35.csv,187000000,591.16,375.97,GTY030 clump 25C 17,4093608.34,803.2962674071755,6.067900000000001,506.68,26675019.400352724,1511579.616192156,0.05666648610467996,296.6162674071755,-35,25
GTY030 clump 25C 17 06 m-50.csv,187000000,591.16,375.97,GTY030 clump 25C 17,5140261.64,789.4585503019666,7.7492,506.68,26675019.400352724,1840352.3490383804,0.06899160302069154,282.7785503019666,-50,25
GTY030 clump 25C 17 07 m-25.csv,95165488,565.54,200.36,GTY030 clump 25C 17,1788714.64,766.696469740634,2.776,506.68,9904417.233560083,606202.8386663307,0.06120530106630359,260.016469740634,-25,25
GTY030 clump 25C 17 07 m-35.csv,95165488,565.54,200.36,GTY030 clump 25C 17,2055517.67,762.4159014348097,3.2060000000000004,506.68,9904417.233560083,688577.5594188292,0.0695222690221143,255.7359014348097,-35,25
GTY030 clump 25C 17 07 m-50.csv,95165488,565.54,200.36,GTY030 clump 25C 17,2630719.42,754.007469879518,4.15,506.68,9904417.233560083,862021.4999580077,0.08703404547994383,247.327469879518,-50,25
GTY030 clump 25C 18 01 m-25.csv,135000000,564.29,285.53,GTY030 clump 25C 18,1398663.9300000002,724.6303673042569,2.2951,497.47,16023443.85655495,437856.52053413953,0.02732599336658948,227.16036730425685,-25,25
GTY030 clump 25C 18 01 m-35.csv,135000000,564.29,285.53,GTY030 clump 25C 18,1607623.9,721.8649689207007,2.6545,497.47,16023443.85655495,500257.3654153018,0.031220340015149367,224.39496892070065,-35,25
GTY030 clump 25C 18 01 m-50.csv,135000000,564.29,285.53,GTY030 clump 25C 18,2081702.63,717.7969855072463,3.45,497.47,16023443.85655495,638387.5871336185,0.03984084775086997,220.32698550724626,-50,25
GTY030 clump 25C 18 02 m-25.csv,135000000,552.68,291.85,GTY030 clump 25C 18,1484265.1,710.8931212243253,2.483,497.47,13532408.247249499,445057.2016460903,0.032888248234496584,213.4231212243253,-25,25
GTY030 clump 25C 18 02 m-35.csv,135000000,552.68,291.85,GTY030 clump 25C 18,1683712.3,705.689418399718,2.8369999999999997,497.47,13532408.247249499,496110.2628705801,0.03666089980483821,208.21941839971794,-35,25
GTY030 clump 25C 18 02 m-50.csv,135000000,552.68,291.85,GTY030 clump 25C 18,2030305.06,698.3927841892671,3.466,497.47,13532408.247249499,584864.6762408664,0.043219556013597345,200.92278418926708,-50,25
GTY030 clump 25C 18 03 m-25.csv,160000000,578.17,329.01,GTY030 clump 25C 18,2269164.77,699.2800031070374,3.8622,497.47,22298737.71730913,654598.6344167293,0.02935586052965702,201.81000310703735,-25,25
GTY030 clump 25C 18 03 m-35.csv,160000000,578.17,329.01,GTY030 clump 25C 18,2630332.62,694.4076013289036,4.515000000000001,497.47,22298737.71730913,746765.1549508692,0.033489122317950835,196.9376013289036,-35,25
GTY030 clump 25C 18 03 m-50.csv,160000000,578.17,329.01,GTY030 clump 25C 18,3304781.64,689.097363253857,5.704,497.47,22298737.71730913,917983.1023767531,0.04116749181117009,191.62736325385697,-50,25
GTY030 clump 25C 18 04 m-25.csv,183000000,561.72,388.27,GTY030 clump 25C 18,1778944.31,707.8831798589996,2.9929,497.47,20950993.1132947,528886.8783068781,0.025244000389235334,210.41317985899957,-25,25
GTY030 clump 25C 18 04 m-35.csv,183000000,561.72,388.27,GTY030 clump 25C 18,2048880.13,710.9342657342658,3.432,497.47,20950993.1132947,615276.1904761904,0.029367399776660693,213.46426573426572,-35,25
GTY030 clump 25C 18 04 m-50.csv,183000000,561.72,388.27,GTY030 clump 25C 18,2575443.59,708.7528280961183,4.328,497.47,20950993.1132947,767978.5672293607,0.03665595053544411,211.28282809611824,-50,25
GTY030 clump 25C 2 01 m-25.csv,144000000,613.37,279.23,GTY030 clump 25C 2,3935442.36,790.573807277628,5.936,514.98,23073351.557907112,1373918.568909045,0.05954568695670095,275.593807277628,-25,25
GTY030 clump 25C 2 01 m-35.csv,144000000,613.37,279.23,GTY030 clump 25C 2,4479346.48,787.2171935007386,6.77,514.98,23073351.557907112,1547867.4729150923,0.06708463956917635,272.2371935007386,-35,25
GTY030 clump 25C 2 01 m-50.csv,144000000,613.37,279.23,GTY030 clump 25C 2,5635988.21,782.3353945112493,8.5739,514.98,23073351.557907112,1925151.941714958,0.08343616387430369,267.3553945112493,-50,25
GTY030 clump 25C 2 02 m-25.csv,142000000,602.62,280.33,GTY030 clump 25C 2,3220347.53,922.7170598994056,4.1552999999999995,514.98,20633342.739564955,1422919.1274040479,0.06896212336334454,407.7370598994056,-25,25
GTY030 clump 25C 2 02 m-35.csv,142000000,602.62,280.33,GTY030 clump 25C 2,3679287.12,911.3826124027785,4.808599999999999,514.98,20633342.739564955,1600857.984378937,0.07758597356642806,396.40261240277846,-35,25
GTY030 clump 25C 2 02 m-50.csv,142000000,602.62,280.33,GTY030 clump 25C 2,4586237.4399999995,893.1358874069225,6.1105,514.98,20633342.739564955,1940641.2614428487,0.09405365315439752,378.1558874069225,-50,25
GTY030 clump 25C 2 03 m-25.csv,210000000,613.58,407.93,GTY030 clump 25C 2,3312585.37,830.0614857744995,4.745,514.98,33780043.67178971,1255615.7302427143,0.03717034064379556,315.08148577449947,-25,25
GTY030 clump 25C 2 03 m-35.csv,210000000,613.58,407.93,GTY030 clump 25C 2,3802803.24,822.7451873408512,5.498,514.98,33780043.67178971,1421090.9549004785,0.04206894960551089,307.7651873408512,-35,25
GTY030 clump 25C 2 03 m-50.csv,210000000,613.58,407.93,GTY030 clump 25C 2,4706168.79,809.7061929520509,6.9239999999999995,514.98,33780043.67178971,1713852.490131855,0.05073565051554751,294.72619295205084,-50,25
GTY030 clump 25C 2 04 m-25.csv,129000000,596.83,256.5,GTY030 clump 25C 2,2196268.6799999997,780.1390143369176,3.348,514.98,17632086.167800456,745571.8316956413,0.04228494714693473,265.1590143369176,-25,25
GTY030 clump 25C 2 04 m-35.csv,129000000,596.83,256.5,GTY030 clump 25C 2,2456854.8,781.4242307692308,3.744,514.98,17632086.167800456,837798.9417989419,0.047515587992583784,266.4442307692308,-35,25
GTY030 clump 25C 2 04 m-50.csv,129000000,596.83,256.5,GTY030 clump 25C 2,3031444.53,780.9355910957423,4.627,514.98,17632086.167800456,1033489.980683631,0.058614163454519655,265.9555910957423,-50,25
GTY030 clump 25C 2 05 m-25.csv,171000000,626.62,324.19,GTY030 clump 25C 2,3430032.64,799.1960492861334,5.1129999999999995,514.98,30396045.68741076,1220455.7487192408,0.04015179346913277,284.2160492861334,-25,25
GTY030 clump 25C 2 05 m-35.csv,171000000,626.62,324.19,GTY030 clump 25C 2,3899025.68,801.2626737967914,5.797,514.98,30396045.68741076,1393785.7226841352,0.04585417909348006,286.2826737967914,-35,25
GTY030 clump 25C 2 05 m-50.csv,171000000,626.62,324.19,GTY030 clump 25C 2,4906907.06,796.9528222282905,7.324,514.98,30396045.68741076,1734415.8478206093,0.05706057510431229,281.9728222282905,-50,25
GTY030 clump 25C 2 06 m-25.csv,111000000,594.64,221.89,GTY030 clump 25C 2,2888521.07,743.7034939498703,4.628,514.98,14844845.3850676,889000.0251952631,0.059886108755939374,228.72349394987032,-25,25
GTY030 clump 25C 2 06 m-35.csv,111000000,594.64,221.89,GTY030 clump 25C 2,3256822.73,739.8490846681922,5.244,514.98,14844845.3850676,990353.1368102793,0.06671360402355375,224.86908466819216,-35,25
GTY030 clump 25C 2 06 m-50.csv,111000000,594.64,221.89,GTY030 clump 25C 2,4048196.44,730.7209999999999,6.6,514.98,14844845.3850676,1195843.2854623322,0.08055612937977977,215.74099999999987,-50,25
GTY030 clump 25C 2 08 m-25.csv,122000000,598.29,243.15,GTY030 clump 25C 2,2726467.13,762.00548273432,4.257,514.98,17012535.903250176,883167.4477198288,0.05191274556258854,247.02548273432,-25,25
GTY030 clump 25C 2 08 m-35.csv,122000000,598.29,243.15,GTY030 clump 25C 2,3133894.07,757.3569051005894,4.920999999999999,514.98,17012535.903250176,1001710.5484168979,0.05888073089829748,242.3769051005894,-35,25
GTY030 clump 25C 2 08 m-50.csv,122000000,598.29,243.15,GTY030 clump 25C 2,4001183.75,748.4401853597235,6.366,514.98,17012535.903250176,1248179.675820945,0.07336823169216562,233.46018535972348,-50,25
GTY030 clump 25C 3 01 m-25.csv,101000000,571.77,210.99,GTY030 clump 25C 3,2405696.26,797.3822935779816,3.597,514.67,10118022.1718317,854048.9795918367,0.08440868828786381,282.71229357798165,-25,25
GTY030 clump 25C 3 01 m-35.csv,101000000,571.77,210.99,GTY030 clump 25C 3,2669032.19,789.1929496402877,4.031000000000001,514.67,10118022.1718317,929370.9666582681,0.09185302728883238,274.5229496402877,-35,25
GTY030 clump 25C 3 01 m-50.csv,101000000,571.77,210.99,GTY030 clump 25C 3,3241034.44,772.788236472946,4.99,514.67,10118022.1718317,1081725.0356932902,0.10691072003229875,258.118236472946,-50,25
GTY030 clump 25C 3 02 m-25.csv,170000000,603.03,335.19,GTY030 clump 25C 3,1655578.5399999998,727.1133529845248,2.714,514.67,24873929.957168054,484228.8233812046,0.01946732278393595,212.44335298452484,-25,25
GTY030 clump 25C 3 02 m-35.csv,170000000,603.03,335.19,GTY030 clump 25C 3,1910890.96,727.6557568000001,3.125,514.67,24873929.957168054,558982.5228856978,0.022472625911878184,212.9857568000001,-35,25
GTY030 clump 25C 3 02 m-50.csv,170000000,603.03,335.19,GTY030 clump 25C 3,2437757.84,728.1748455937736,3.983,514.67,24873929.957168054,714193.1636852276,0.028712518082789518,213.50484559377367,-50,25
GTY030 clump 25C 3 03 m-25.csv,133000000,584.25,271.63,GTY030 clump 25C 3,1294968.6600000001,813.9197772146553,1.8942,514.67,15873028.806584371,476055.2011421853,0.029991453234477244,299.2497772146553,-25,25
GTY030 clump 25C 3 03 m-35.csv,133000000,584.25,271.63,GTY030 clump 25C 3,1553379.61,808.9834546489728,2.2833,514.67,15873028.806584371,564378.8620139412,0.03555583933545363,294.3134546489729,-35,25
GTY030 clump 25C 3 03 m-50.csv,133000000,584.25,271.63,GTY030 clump 25C 3,2149381.8,796.4386884735203,3.21,514.67,15873028.806584371,759618.283362728,0.04785591285814506,281.76868847352034,-50,25
GTY030 clump 25C 3 04 m-25.csv,135000000,607.36,264.17,GTY030 clump 25C 3,2373323.74,718.1080883472963,3.9389999999999996,514.67,20564304.442764774,673001.284958428,0.03272667387470102,203.43808834729634,-25,25
GTY030 clump 25C 3 04 m-35.csv,135000000,607.36,264.17,GTY030 clump 25C 3,2687766.11,716.7470284817224,4.459,514.67,20564304.442764774,756749.3659192073,0.036799171497651,202.07702848172244,-35,25
GTY030 clump 25C 3 04 m-50.csv,135000000,607.36,264.17,GTY030 clump 25C 3,3344018.87,712.8637245080502,5.59,514.67,20564304.442764774,930463.5256571769,0.04524653524007449,198.1937245080502,-50,25
GTY030 clump 25C 3 05 m-25.csv,172000000,649.46,314.46,GTY030 clump 25C 3,2930995.55,897.0410694087404,3.8899999999999997,514.67,35597600.9070295,1249200.8566389522,0.035092276580702686,382.3710694087405,-25,25
GTY030 clump 25C 3 05 m-35.csv,172000000,649.46,314.46,GTY030 clump 25C 3,3463567.73,916.3078593680464,4.494,514.67,35597600.9070295,1515881.8678088523,0.04258382107737798,401.6378593680464,-35,25
GTY030 clump 25C 3 05 m-50.csv,172000000,649.46,314.46,GTY030 clump 25C 3,4460648.71,929.0535108619481,5.708,514.67,35597600.9070295,1986479.449063576,0.05580374515270504,414.38351086194814,-50,25
GTY030 clump 25C 3 06 m-25.csv,98643288,587.82,199.81,GTY030 clump 25C 3,298460.13,751.79,0.473,514.67,12275217.519106422,94194.80977576214,0.007673575611116265,237.12,-25,25
GTY030 clump 25C 3 06 m-35.csv,98643288,587.82,199.81,GTY030 clump 25C 3,359408.81,747.21,0.573,514.67,12275217.519106422,111905.114638448,0.009116344738027433,232.54000000000008,-35,25
GTY030 clump 25C 3 06 m-50.csv,98643288,587.82,199.81,GTY030 clump 25C 3,474509.88,735.67,0.768,514.67,12275217.519106422,142544.72159234065,0.011612398832889866,221,-50,25
GTY030 clump 25C 4 01 m-25.csv,149000000,613.35,289.1,GTY030 clump 25C 4,3458865.46,865.7596395979647,4.7558,518.58,23009999.999999996,1386677.525825145,0.06026412541612974,347.17963959796464,-25,25
GTY030 clump 25C 4 01 m-35.csv,149000000,613.35,289.1,GTY030 clump 25C 4,3977714.11,856.1184597984038,5.5259,518.58,23009999.999999996,1566476.673385403,0.06807808228532826,337.5384597984038,-35,25
GTY030 clump 25C 4 01 m-50.csv,149000000,613.35,289.1,GTY030 clump 25C 4,4953183.1,835.7062253999717,7.063,518.58,23009999.999999996,1881130.8725959517,0.08175275413280973,317.12622539997164,-50,25
GTY030 clump 25C 4 02 m-25.csv,148000000,588.59,300.31,GTY030 clump 25C 4,2664019.92,820.1709932747025,3.866,518.58,17657431.006970685,979214.5628621816,0.05545623043780342,301.59099327470244,-25,25
GTY030 clump 25C 4 02 m-35.csv,148000000,588.59,300.31,GTY030 clump 25C 4,3009197.36,814.4366333484779,4.402,518.58,17657431.006970685,1093777.5258251447,0.061944318252941236,295.8566333484779,-35,25
GTY030 clump 25C 4 02 m-50.csv,148000000,588.59,300.31,GTY030 clump 25C 4,3690807.26,805.6427211009175,5.45,518.58,17657431.006970685,1313926.119089611,0.07441207719123512,287.06272110091743,-50,25
GTY030 clump 25C 4 03 m-25.csv,87592296,584.84,178.33,GTY030 clump 25C 4,1399700.07,776.3037354448068,2.147,518.58,9923696.816998404,464712.236499538,0.046828540318112864,257.7237354448067,-25,25
GTY030 clump 25C 4 03 m-35.csv,87592296,584.84,178.33,GTY030 clump 25C 4,1596915.25,769.6412934518997,2.474,518.58,9923696.816998404,521647.46787603915,0.0525658408852741,251.0612934518997,-35,25
GTY030 clump 25C 4 03 m-50.csv,87592296,584.84,178.33,GTY030 clump 25C 4,2050599.69,756.4106530485917,3.231,518.58,9923696.816998404,645360.5778113712,0.06503227473716512,237.83065304859167,-50,25
GTY030 clump 25C 4 04 m-35.csv,135000000,623.55,257.32,GTY030 clump 25C 4,3512188.86,840.1368325973505,4.982,518.58,22684874.779541425,1345423.8179222303,0.059309290044466716,321.5568325973504,-35,25
GTY030 clump 25C 4 04 m-50.csv,135000000,623.55,257.32,GTY030 clump 25C 4,4224599.82,827.6773053497943,6.075,518.58,22684874.779541425,1577027.0681111952,0.06951887914027423,309.0973053497943,-50,25
GTY030 clump 25C 4 05 m-25.csv,103000000,587.24,208.24,GTY030 clump 25C 4,2008467.98,786.4052600394997,3.0380000000000003,518.58,12007859.578399256,683340.1696481062,0.05690774156597865,267.82526003949965,-25,25
GTY030 clump 25C 4 05 m-35.csv,103000000,587.24,208.24,GTY030 clump 25C 4,2252268.92,781.4929353523589,3.434,518.58,12007859.578399256,758245.586629714,0.06314577395572728,262.9129353523589,-35,25
GTY030 clump 25C 4 05 m-50.csv,103000000,587.24,208.24,GTY030 clump 25C 4,2727297.09,775.0185516583153,4.191,518.58,12007859.578399256,902606.8447131934,0.07516800465728948,256.4385516583153,-50,25
GTY030 clump 25C 404 m-25.csv,135000000,623.55,257.32,GTY030 clump 25C 4,3117422.25,839.2330671793711,4.421,518.58,22684874.779541425,1190566.2299487693,0.05248282133002969,320.6530671793711,-25,25
GTY030 clump 25C 5 01 m-25.csv,109000000,586.64,220.82,GTY030 clump 25C 5,1953567.94,786.4329729729731,2.96,519.11,12523704.207608962,664546.905181826,0.05306312686449993,267.32297297297305,-25,25
GTY030 clump 25C 5 01 m-35.csv,109000000,586.64,220.82,GTY030 clump 25C 5,2218356.51,783.5731065088758,3.38,519.11,12523704.207608962,750722.5161669606,0.05994412705075292,264.46310650887574,-35,25
GTY030 clump 25C 5 01 m-50.csv,109000000,586.64,220.82,GTY030 clump 25C 5,2706222,778.5768038740921,4.13,519.11,12523704.207608962,899973.0410682794,0.07186156956034521,259.4668038740921,-50,25
GTY030 clump 25C 5 02 m-25.csv,139000000,595.46,278.53,GTY030 clump 25C 5,2883135.15,743.8275785822675,4.613,519.11,17859885.361552034,870598.9669942051,0.048746055720401874,224.7175785822675,-25,25
GTY030 clump 25C 5 02 m-35.csv,139000000,595.46,278.53,GTY030 clump 25C 5,3251187.74,746.0539399191218,5.1930000000000005,519.11,17859885.361552034,989770.622323003,0.05541864364111414,226.94393991912182,-35,25
GTY030 clump 25C 5 02 m-50.csv,139000000,595.46,278.53,GTY030 clump 25C 5,4019195.29,744.9809461562404,6.426,519.11,17859885.361552034,1218986.0586209798,0.06825273701057223,225.8709461562404,-50,25
GTY030 clump 25C 5 03 m-25.csv,171000000,634.19,321.54,GTY030 clump 25C 5,2434094.62,736.472716654394,3.9383,519.11,31076529.10052911,718938.0927185689,0.023134439833769217,217.36271665439403,-25,25
GTY030 clump 25C 5 03 m-35.csv,171000000,634.19,321.54,GTY030 clump 25C 5,2783547.7600000002,744.4522956045436,4.4546,519.11,31076529.10052911,843041.7317544299,0.02712792439037461,225.34229560454355,-35,25
GTY030 clump 25C 5 03 m-50.csv,171000000,634.19,321.54,GTY030 clump 25C 5,3504092.58,746.2140785714287,5.6,519.11,31076529.10052911,1068096.7834047202,0.03436988667394438,227.10407857142866,-50,25
GTY030 clump 25C 5 04 m-25.csv,138000000,599.02,273.35,GTY030 clump 25C 5,3195301.94,759.8678724255149,5.001,519.11,18345005.87889476,1011195.1961031324,0.055121006925730916,240.75787242551485,-25,25
GTY030 clump 25C 5 04 m-35.csv,138000000,599.02,273.35,GTY030 clump 25C 5,3568677.32,757.0309748707895,5.611,519.11,18345005.87889476,1121167.8760393043,0.06111570001343885,237.92097487078945,-35,25
GTY030 clump 25C 5 04 m-50.csv,138000000,599.02,273.35,GTY030 clump 25C 5,4352353.91,752.2326167004928,6.898,519.11,18345005.87889476,1350533.1401696475,0.07361857221988602,233.1226167004928,-50,25
GTY030 clump 25C 5 05 m-25.csv,84073528,579.38,172.78,GTY030 clump 25C 5,1793044.0499999998,737.8831928127161,2.894,519.11,8745654.320987653,531728.9157638366,0.06079921481550028,218.77319281271605,-25,25
GTY030 clump 25C 5 05 m-35.csv,84073528,579.38,172.78,GTY030 clump 25C 5,2049664.57,734.9032549728753,3.318,519.11,8745654.320987653,601328.6470143615,0.0687574222515638,215.79325497287527,-35,25
GTY030 clump 25C 5 05 m-50.csv,84073528,579.38,172.78,GTY030 clump 25C 5,2639188.19,728.2531624129931,4.31,519.11,8745654.320987653,757039.5817586295,0.08656180017793529,209.1431624129931,-50,25
GTY030 clump 25C 5 06 m-25.csv,90837792,575.29,188.01,GTY030 clump 25C 5,887270.3099999999,762.8544165883968,1.3840999999999999,519.11,8870749.811035516,283334.71655328793,0.031940334536412006,243.7444165883968,-25,25
GTY030 clump 25C 5 06 m-35.csv,90837792,575.29,188.01,GTY030 clump 25C 5,1074161.66,754.8676212961869,1.6942,519.11,8870749.811035516,335450.20744100097,0.03781531602026352,235.75762129618693,-35,25
GTY030 clump 25C 5 06 m-50.csv,90837792,575.29,188.01,GTY030 clump 25C 5,1499232.61,740.713330564784,2.408,519.11,8870749.811035516,448157.23523977475,0.05052078401334821,221.60333056478396,-50,25
GTY030 clump 25C 5 07 m-25.csv,102000000,580.99,209.26,GTY030 clump 25C 5,2136711.38,733.2560668973471,3.468,519.11,10875122.868900646,623715.9318048203,0.057352541145852,214.14606689734705,-25,25
GTY030 clump 25C 5 07 m-35.csv,102000000,580.99,209.26,GTY030 clump 25C 5,2424665.75,730.0925985844287,3.956,519.11,10875122.868900646,700971.8316956412,0.06445645167837094,210.98259858442873,-35,25
GTY030 clump 25C 5 07 m-50.csv,102000000,580.99,209.26,GTY030 clump 25C 5,3045887.13,723.2859880239521,5.01,519.11,10875122.868900646,859092.7185689087,0.07899613907127778,204.17598802395207,-50,25
GTY030 clump 25C 6 01 m-25.csv,157000000,588.04,318.58,GTY030 clump 25C 6,2448266.89,746.8890650614754,3.904,517.35,18913597.21172418,752599.739648946,0.039791464903483495,229.5390650614754,-25,25
GTY030 clump 25C 6 01 m-35.csv,157000000,588.04,318.58,GTY030 clump 25C 6,2863400.25,742.7971693179342,4.589,517.35,18913597.21172418,868881.3807004282,0.04593950960115747,225.44716931793414,-35,25
GTY030 clump 25C 6 01 m-50.csv,157000000,588.04,318.58,GTY030 clump 25C 6,3660040.04,736.2850641891891,5.92,517.35,18913597.21172418,1088515.646258503,0.05755201583672051,218.93506418918912,-50,25
GTY030 clump 25C 6 02 m-25.csv,110000000,574.32,228.59,GTY030 clump 25C 6,790310.0700000001,683.714952768493,1.3761999999999999,517.35,10937072.562358283,192283.06710338464,0.017580853195137257,166.36495276849303,-25,25
GTY030 clump 25C 6 02 m-35.csv,110000000,574.32,228.59,GTY030 clump 25C 6,978566.96,683.3964544334253,1.7041,517.35,10937072.562358283,237641.52431342914,0.021728074213506744,166.0464544334253,-35,25
GTY030 clump 25C 6 02 m-50.csv,110000000,574.32,228.59,GTY030 clump 25C 6,1356469.23,680.2826424324211,2.3712999999999997,517.35,10937072.562358283,324483.2241538591,0.029668197070450184,162.93264243242106,-50,25
GTY030 clump 25C 6 03 m-25.csv,122000000,649.07,223.54,GTY030 clump 25C 6,2746581.32,831.5508142493637,3.93,517.35,24728889.560762577,1037044.7635844456,0.04193656820037437,314.2008142493637,-25,25
GTY030 clump 25C 6 03 m-35.csv,122000000,649.07,223.54,GTY030 clump 25C 6,3052043.07,829.8456930806121,4.379,517.35,24728889.560762577,1149255.5975476613,0.04647420963742705,312.4956930806121,-35,25
GTY030 clump 25C 6 03 m-50.csv,122000000,649.07,223.54,GTY030 clump 25C 6,3777559.4299999997,831.6838922322007,5.4005,517.35,24728889.560762577,1425682.527084908,0.05765250896453692,314.3338922322007,-50,25
GTY030 clump 25C 6 04 m-25.csv,134000000,631.48,252.55,GTY030 clump 25C 6,3229843.52,1126.5035769974793,3.4118,517.35,24207215.503485344,1745452.4011085911,0.07210463346588879,609.1535769974793,-25,25
GTY030 clump 25C 6 04 m-35.csv,134000000,631.48,252.55,GTY030 clump 25C 6,3774245.98,1147.0415509714314,3.9169,517.35,24207215.503485344,2071419.1954312585,0.08557032076378286,629.6915509714314,-35,25
GTY030 clump 25C 6 04 m-50.csv,134000000,631.48,252.55,GTY030 clump 25C 6,4773320.98,1151.6256977687626,4.930000000000001,517.35,24207215.503485344,2626168.7998656253,0.1084870252626747,634.2756977687626,-50,25
GTY030 clump 25C 6 05 m-25.csv,160000000,625.65,304.66,GTY030 clump 25C 6,3245034.36,802.7899499968877,4.8197,517.35,27710319.97984378,1155400.1234567896,0.04169566155487257,285.43994999688766,-25,25
GTY030 clump 25C 6 05 m-35.csv,160000000,625.65,304.66,GTY030 clump 25C 6,3656193.64,800.7586731879528,5.4386,517.35,27710319.97984378,1294487.6207273032,0.046715000825284625,283.4086731879528,-35,25
GTY030 clump 25C 6 05 m-50.csv,160000000,625.65,304.66,GTY030 clump 25C 6,4450804.32,799.50045523063,6.634,517.35,27710319.97984378,1572004.8038968667,0.056729940507375155,282.15045523063,-50,25
GTY030 clump 25C 8 01 m-25.csv,111000000,577.27,229.12,GTY030 clump 25C 8,2480857.94,695.1242910886433,4.253,522.89,10464051.062400267,615194.7929789199,0.058791264426208294,172.23429108864332,-25,25
GTY030 clump 25C 8 01 m-35.csv,111000000,577.27,229.12,GTY030 clump 25C 8,2985330.37,692.2054916165216,5.1351,522.89,10464051.062400267,730202.3859914339,0.0697819975874562,169.31549161652163,-35,25
GTY030 clump 25C 8 01 m-50.csv,111000000,577.27,229.12,GTY030 clump 25C 8,4169615.44,688.8610694444444,7.2,522.89,10464051.062400267,1003604.350382128,0.09590973365834465,165.97106944444442,-50,25
GTY030 clump 25C 8 02 m-25.csv,146000000,602.19,287.88,GTY030 clump 25C 8,3574149.0599999996,708.8644370419719,6.0040000000000004,522.89,19172658.100277163,937759.7379692612,0.048911305519796694,185.9744370419719,-25,25
GTY030 clump 25C 8 02 m-35.csv,146000000,602.19,287.88,GTY030 clump 25C 8,4130885.25,706.8521954022989,6.96,522.89,19172658.100277163,1075314.4200890234,0.05608582881230634,183.9621954022989,-35,25
GTY030 clump 25C 8 02 m-50.csv,146000000,602.19,287.88,GTY030 clump 25C 8,5399864.36,702.9241057185936,9.1526,522.89,19172658.100277163,1383875.1625094484,0.07217961929282214,180.03410571859365,-50,25
GTY030 clump 25C 8 03 m-25.csv,77993872,570.94,162.66,GTY030 clump 25C 8,1375837.59,710.684136764004,2.3047,522.89,6564048.878810793,363491.34710674407,0.05537608781069858,187.79413676400407,-25,25
GTY030 clump 25C 8 03 m-35.csv,77993872,570.94,162.66,GTY030 clump 25C 8,1611586.9899999998,706.7962905604719,2.7119999999999997,522.89,6564048.878810793,418874.49399512867,0.06381343310030561,183.90629056047192,-35,25
GTY030 clump 25C 8 03 m-50.csv,77993872,570.94,162.66,GTY030 clump 25C 8,2161392.09,697.2255077173031,3.693,522.89,6564048.878810793,540708.0120937267,0.08237415992424581,174.33550771730313,-50,25
GTY030 clump 25C 8 04 m-25.csv,154000000,610.88,301.11,GTY030 clump 25C 8,3411788.2,1042.0234236592253,3.897,522.89,22251338.624338627,1699053.457629966,0.07635735927237801,519.1334236592253,-25,25
GTY030 clump 25C 8 04 m-35.csv,154000000,610.88,301.11,GTY030 clump 25C 8,3960344.58,1027.4675681158787,4.5841,522.89,22251338.624338627,1942583.3795246494,0.08730186584818955,504.57756811587876,-35,25
GTY030 clump 25C 8 04 m-50.csv,154000000,610.88,301.11,GTY030 clump 25C 8,5375383.46,1044.7864256013045,6.1325,522.89,22251338.624338627,2687939.724531788,0.12079901213636225,521.8964256013045,-50,25
GTY030 clump 25C 8 05 m-25.csv,145000000,602.65,285.65,GTY030 clump 25C 8,2912400.69,679.2248306431051,5.0987,522.89,19134495.67481313,669441.8417737464,0.03498612417859214,156.33483064310508,-25,25
GTY030 clump 25C 8 05 m-35.csv,145000000,602.65,285.65,GTY030 clump 25C 8,3348848.07,678.1584465920305,5.8774,522.89,19134495.67481313,766418.7184009405,0.040054294162023975,155.2684465920305,-35,25
GTY030 clump 25C 8 05 m-50.csv,145000000,602.65,285.65,GTY030 clump 25C 8,4316505.46,676.8813828637693,7.5886,522.89,19134495.67481313,981421.8594104308,0.051290709516963295,153.99138286376933,-50,25
GTY030 clump 25C 8 06 m-25.csv,141000000,607.54,276.88,GTY030 clump 25C 8,2092052.8599999999,749.3086299307438,3.3209999999999997,522.89,19684128.6638112,631507.7433442514,0.03208207760322474,226.4186299307438,-25,25
GTY030 clump 25C 8 06 m-35.csv,141000000,607.54,276.88,GTY030 clump 25C 8,2425548.77,750.0111122661123,3.8480000000000003,522.89,19684128.6638112,733990.1234567902,0.03728842337868953,227.12111226611228,-35,25
GTY030 clump 25C 8 06 m-50.csv,141000000,607.54,276.88,GTY030 clump 25C 8,3119459.97,748.968995562727,4.958,522.89,19684128.6638112,941378.735197783,0.04782425228343916,226.07899556272696,-50,25
GTY030 clump 25C 8 07 m-25.csv,100000000,581.84,205.36,GTY030 clump 25C 8,1494447.13,685.84,2.59,522.89,10167105.06424793,354447.3838918284,0.03486217380975272,162.95000000000005,-25,25
GTY030 clump 25C 8 07 m-35.csv,100000000,581.84,205.36,GTY030 clump 25C 8,1713868.13,684.18,2.98,522.89,10167105.06424793,403665.2389350801,0.03970306556136091,161.28999999999996,-35,25
GTY030 clump 25C 8 07 m-50.csv,100000000,581.84,205.36,GTY030 clump 25C 8,2194119.5,679.71,3.84,522.89,10167105.06424793,505743.5122197028,0.04974311852034678,156.82000000000005,-50,25
GTY030 clump 25C 8 08 m-25.csv,94814880,579.51,194.81,GTY030 clump 25C 8,1545942.25,747.92,2.46,522.89,9263577.895355674,464914.5880574451,0.05018736748470929,225.02999999999997,-25,25
GTY030 clump 25C 8 08 m-35.csv,94814880,579.51,194.81,GTY030 clump 25C 8,1784152.25,741.8499999999999,2.86,522.89,9263577.895355674,525930.6290417399,0.05677402780899775,218.95999999999992,-35,25
GTY030 clump 25C 8 08 m-50.csv,94814880,579.51,194.81,GTY030 clump 25C 8,2325612.5,733.4,3.78,522.89,9263577.895355674,668285.7142857142,0.0721412095666364,210.51,-50,25
GTY030 clump 25C 8 09 m-25.csv,124000000,586.45,250.97,GTY030 clump 25C 8,2450840.44,772.3517460317461,3.7800000000000002,522.89,13396870.076425644,791942.050894432,0.05911396067712903,249.4617460317461,-25,25
GTY030 clump 25C 8 09 m-35.csv,124000000,586.45,250.97,GTY030 clump 25C 8,2814998.26,769.7036238532111,4.359999999999999,522.89,13396870.076425644,903760.3090618965,0.06746055637668949,246.81362385321108,-35,25
GTY030 clump 25C 8 09 m-50.csv,124000000,586.45,250.97,GTY030 clump 25C 8,3585964,758.1479751332149,5.63,522.89,13396870.076425644,1112372.8898966995,0.08303229661487369,235.25797513321493,-50,25
GTY030 clump 25C 8 10 m-25.csv,122000000,581.49,248.92,GTY030 clump 25C 8,3074278.54,702.2146068019896,5.2073,522.89,12250534.979423871,784242.0634920639,0.06401696454965315,179.3246068019896,-25,25
GTY030 clump 25C 8 10 m-35.csv,122000000,581.49,248.92,GTY030 clump 25C 8,3549395.69,698.6939230591269,6.0514,522.89,12250534.979423871,893474.309229865,0.07293349316830276,175.80392305912687,-35,25
GTY030 clump 25C 8 10 m-50.csv,122000000,581.49,248.92,GTY030 clump 25C 8,4679192.63,690.143896184341,8.072000000000001,522.89,12250534.979423871,1133848.534475519,0.09255502199536128,167.253896184341,-50,25
GTY030 clump 25C 8 11 m-25.csv,80465640,574.12,166.88,GTY030 clump 25C 8,1634797.45,708.3406836363637,2.75,522.89,7180030.570252795,428310.5568153188,0.05965302690908165,185.4506836363637,-25,25
GTY030 clump 25C 8 11 m-35.csv,80465640,574.12,166.88,GTY030 clump 25C 8,1841502.99,705.5648633000966,3.109,522.89,7180030.570252795,476976.69438145653,0.06643101163908598,182.6748633000966,-35,25
GTY030 clump 25C 8 11 m-50.csv,80465640,574.12,166.88,GTY030 clump 25C 8,2287329.75,699.6901953727507,3.8899999999999997,522.89,7180030.570252795,577603.7288989673,0.08044585928255052,176.80019537275075,-50,25
GTY030 clump 36C 03 m-25.csv,238000000,542.6,523.27,GTY030 clump 36C,5904790.67,706.8745109078114,9.947,485.32,25172508.272444792,1850846.3256907703,0.07352649587632902,221.55451090781145,-25,36
GTY030 clump 36C 03 m-35.csv,238000000,542.6,523.27,GTY030 clump 36C,6683177.61,699.2072790431799,11.371,485.32,25172508.272444792,2042590.2830267902,0.08114369298917747,213.88727904317994,-35,36
GTY030 clump 36C 03 m-50.csv,238000000,542.6,523.27,GTY030 clump 36C,8384297.83,687.601659893932,14.519,485.32,25172508.272444792,2466555.3203997645,0.09798607646500572,202.28165989393204,-50,36
GTY030 clump 36C 04 m-25.csv,122000000,540.57,268.23,GTY030 clump 36C,2238139.58,659.0516481069042,4.041,485.32,12446214.411690615,589610.8087679514,0.04737270219402097,173.73164810690417,-25,36
GTY030 clump 36C 04 m-35.csv,122000000,540.57,268.23,GTY030 clump 36C,2591176.5,655.33,4.71,485.32,12446214.411690615,672501.1337868483,0.05403258465121524,170.01000000000005,-35,36
GTY030 clump 36C 04 m-50.csv,122000000,540.57,268.23,GTY030 clump 36C,3411032.5,648.12,6.27,485.32,12446214.411690615,857273.8725119677,0.06887828251670951,162.8,-50,36
GTY030 clump 36C 05 m-25.csv,114000000,535.55,254.45,GTY030 clump 36C,1403593.38,659.27,2.54,485.32,10734041.740152841,371069.9588477366,0.03456945369046543,173.95,-25,36
GTY030 clump 36C 05 m-35.csv,114000000,535.55,254.45,GTY030 clump 36C,1709797.13,653.84,3.11,485.32,10734041.740152841,440158.8981271521,0.041005886578645324,168.52000000000004,-35,36
GTY030 clump 36C 05 m-50.csv,114000000,535.55,254.45,GTY030 clump 36C,2321572.25,642.03,4.31,485.32,10734041.740152841,567246.241706559,0.0528455408911501,156.70999999999998,-50,36
GTY030 clump 36C 10 01 m-25.csv,159000000,545.16,348.07,GTY030 clump 36C 10,2426198.03,746.9778013450596,3.8659999999999997,482.47,18325781.725035675,858811.7577895356,0.046863581083489286,264.50780134505953,-25,36
GTY030 clump 36C 10 01 m-35.csv,159000000,545.16,348.07,GTY030 clump 36C 10,2936018.4699999997,740.3017619652688,4.722,482.47,18325781.725035675,1022492.2986478537,0.055795289608354386,257.8317619652688,-35,36
GTY030 clump 36C 10 01 m-50.csv,159000000,545.16,348.07,GTY030 clump 36C 10,4063637.29,732.9742110048645,6.5988999999999995,482.47,18325781.725035675,1388302.878978752,0.07575681626078352,250.5042110048645,-50,36
GTY030 clump 36C 10 02 m-25.csv,193000000,562.34,409.65,GTY030 clump 36C 10,10950261.95,890.0533688379079,14.646,482.47,27478580.246913582,5013408.935920046,0.1824478881685729,407.58336883790787,-25,36
GTY030 clump 36C 10 02 m-35.csv,193000000,562.34,409.65,GTY030 clump 36C 10,13485923.59,844.1163253686618,19.0215,482.47,27478580.246913582,5777320.549256739,0.21024814591378507,361.6463253686618,-35,36
GTY030 clump 36C 10 02 m-50.csv,193000000,562.34,409.65,GTY030 clump 36C 10,19358976.7,775.015054312562,29.7445,482.47,27478580.246913582,7307975.44973545,0.2659517116265964,292.545054312562,-50,36
GTY030 clump 36C 10 03 m-25.csv,179000000,534.37,399.03,GTY030 clump 36C 10,3680208.33,753.9809762228612,5.8081,482.47,17392842.02569916,1324399.849668262,0.07614625877193429,271.51097622286113,-25,36
GTY030 clump 36C 10 03 m-35.csv,179000000,534.37,399.03,GTY030 clump 36C 10,4425675.33,741.9382220437832,7.0986,482.47,17392842.02569916,1546872.5296044336,0.08893730692884,259.46822204378316,-35,36
GTY030 clump 36C 10 03 m-50.csv,179000000,534.37,399.03,GTY030 clump 36C 10,6217355.33,716.9499225181597,10.325000000000001,482.47,17392842.02569916,2033262.1147224312,0.1169022355126403,234.4799225181597,-50,36
GTY030 clump 36C 10 04 m-25.csv,171000000,558.4,364.22,GTY030 clump 36C 10,7628943.92,893.3232368589271,10.1685,482.47,23226022.17183168,3508659.728730998,0.15106589078289395,410.85323685892706,-25,36
GTY030 clump 36C 10 04 m-35.csv,171000000,558.4,364.22,GTY030 clump 36C 10,8940210.55,873.0675307011427,12.190100000000001,482.47,23226022.17183168,3998843.5029814388,0.17217082948586873,390.59753070114266,-35,36
GTY030 clump 36C 10 04 m-50.csv,171000000,558.4,364.22,GTY030 clump 36C 10,12514383.72,810.5708874683785,18.3815,482.47,23226022.17183168,5065076.394557822,0.21807765260384118,328.10088746837846,-50,36
GTY030 clump 36C 10 05 m-25.csv,199000000,549.36,430.66,GTY030 clump 36C 10,6166989.85,777.2497533347449,9.446,482.47,24193203.493743174,2338531.578063324,0.09666068318187433,294.7797533347449,-25,36
GTY030 clump 36C 10 05 m-35.csv,199000000,549.36,430.66,GTY030 clump 36C 10,7252815.31,765.8360430353486,11.2791,482.47,24193203.493743174,2684231.070798689,0.11094979924807737,283.3660430353485,-35,36
GTY030 clump 36C 10 05 m-50.csv,199000000,549.36,430.66,GTY030 clump 36C 10,9701855.93,739.7490994936011,15.620099999999999,482.47,24193203.493743174,3375094.70227597,0.13950590309996913,257.27909949360105,-50,36
GTY030 clump 36C 11 01 m-25.csv,196000000,525.35,443.28,GTY030 clump 36C 11,1141043.35,622.5134548205199,2.1813000000000002,475.52,18550972.03325776,269284.3058704964,0.014515913526672867,146.9934548205199,-25,36
GTY030 clump 36C 11 01 m-35.csv,196000000,525.35,443.28,GTY030 clump 36C 11,1764733.47,617.8857796814743,3.3969,475.52,18550972.03325776,406149.59015705064,0.021893709366221613,142.36577968147435,-35,36
GTY030 clump 36C 11 01 m-50.csv,196000000,525.35,443.28,GTY030 clump 36C 11,3299653.35,611.3956325877105,6.4331,475.52,18550972.03325776,734107.2747123542,0.03957244253272892,135.87563258771047,-50,36
GTY030 clump 36C 11 02 m-25.csv,177000000,554.51,379.32,GTY030 clump 36C 11,3460328.07,728.1989043469038,5.6569,475.52,25163758.125472415,1200452.9218106996,0.04770562949401115,252.67890434690378,-25,36
GTY030 clump 36C 11 02 m-35.csv,177000000,554.51,379.32,GTY030 clump 36C 11,4301579.149999999,718.0048924128656,7.1384,475.52,25163758.125472415,1453728.1901402534,0.057770710674122,242.48489241286563,-35,36
GTY030 clump 36C 11 02 m-50.csv,177000000,554.51,379.32,GTY030 clump 36C 11,6244332.16,699.4136829245372,10.641,475.52,25163758.125472415,2000884.0849920218,0.0795145174665542,223.8936829245372,-50,36
GTY030 clump 36C 11 03 m-25.csv,264000000,573.02,549.28,GTY030 clump 36C 11,9658706.68,711.1253471406491,16.175,475.52,44977576.21567145,3200568.144788779,0.07115919562765614,235.6053471406491,-25,36
GTY030 clump 36C 11 03 m-35.csv,264000000,573.02,549.28,GTY030 clump 36C 11,11118389.23,705.3126025354212,18.774,475.52,44977576.21567145,3623184.950029393,0.08055536235780918,229.79260253542122,-35,36
GTY030 clump 36C 11 03 m-50.csv,264000000,573.02,549.28,GTY030 clump 36C 11,14196454.58,692.7526050971072,24.406000000000002,475.52,44977576.21567145,4452657.226841354,0.09899726933906952,217.23260509710724,-50,36
GTY030 clump 36C 11 04 m-25.csv,110000000,546.28,240.27,GTY030 clump 36C 11,893080.0700000001,629.3716824644549,1.688,475.52,14278579.994960947,218108.37322583346,0.01527521457335436,153.85168246445494,-25,36
GTY030 clump 36C 11 04 m-35.csv,110000000,546.28,240.27,GTY030 clump 36C 11,1118691.33,628.1237765205092,2.121,475.52,14278579.994960947,271833.88762912573,0.019037879657855236,152.6037765205092,-35,36
GTY030 clump 36C 11 04 m-50.csv,110000000,546.28,240.27,GTY030 clump 36C 11,1576011.5,626.15,3,475.52,14278579.994960947,379516.2509448223,0.026579411333532983,150.63,-50,36
GTY030 clump 36C 13 01 m-25.csv,123000000,530.07,276.15,GTY030 clump 36C 13,1674165.56,712.7337217105733,2.8014,482.72,10981525.573192244,541161.0313261106,0.04927922151792606,230.01372171057324,-25,36
GTY030 clump 36C 13 01 m-35.csv,123000000,530.07,276.15,GTY030 clump 36C 13,2088084.71,707.6087433527656,3.5164999999999997,482.72,10981525.573192244,664165.0004199211,0.06048021251630647,224.88874335276557,-35,36
GTY030 clump 36C 13 01 m-50.csv,123000000,530.07,276.15,GTY030 clump 36C 13,2950937.66,696.284851602691,5.054,482.72,10981525.573192244,906489.2584194172,0.08254675112102004,213.56485160269096,-50,36
GTY030 clump 36C 13 02 m-25.csv,146000000,552.04,315.01,GTY030 clump 36C 13,1136498.27,775.781400481541,1.7444,482.72,18339206.517174754,429340.9817754263,0.0234110991319797,293.061400481541,-25,36
GTY030 clump 36C 13 02 m-35.csv,146000000,552.04,315.01,GTY030 clump 36C 13,1591639.16,775.2887862548578,2.4445,482.72,18339206.517174754,600641.9736289576,0.032751797252866616,292.56878625485774,-35,36
GTY030 clump 36C 13 02 m-50.csv,146000000,552.04,315.01,GTY030 clump 36C 13,2682396.03,775.1359082631183,4.1183000000000005,482.72,18339206.517174754,1011385.2649701856,0.05514880177738434,292.41590826311824,-50,36
GTY030 clump 36C 13 03 m-25.csv,137000000,547.62,297.78,GTY030 clump 36C 13,2414355,787.72,3.65,482.72,16230723.104056431,934954.2286050222,0.05760397873902215,305,-25,36
GTY030 clump 36C 13 03 m-35.csv,137000000,547.62,297.78,GTY030 clump 36C 13,2886914.5,777.93,4.42,482.72,16230723.104056431,1095849.6682623662,0.06751699608432653,295.2099999999999,-35,36
GTY030 clump 36C 13 03 m-50.csv,137000000,547.62,297.78,GTY030 clump 36C 13,3864056.75,754.55,6.1,482.72,16230723.104056431,1392595.1121189212,0.08579994268837472,271.8299999999999,-50,36
GTY030 clump 36C 13 04 m-25.csv,205000000,561.54,434.43,GTY030 clump 36C 13,6504636.87,893.1757061970987,8.6718,482.72,28757682.539682515,2989325.432938608,0.10394875973798165,410.4557061970987,-25,36
GTY030 clump 36C 13 04 m-35.csv,205000000,561.54,434.43,GTY030 clump 36C 13,7546838.34,879.1808610399014,10.2202,482.72,28757682.539682515,3402964.0480389684,0.11833234626410676,396.4608610399014,-35,36
GTY030 clump 36C 13 04 m-50.csv,205000000,561.54,434.43,GTY030 clump 36C 13,9840884.92,856.6253658893194,13.679,482.72,28757682.539682515,4295499.706055261,0.1493687712884351,373.90536588931934,-50,36
GTY030 clump 36C 14 01 m-25.csv,231000000,525.36,524.35,GTY030 clump 36C 14,8853247.56,604.2710292853459,17.448999999999998,480.68,19675785.67229361,1811152.994037121,0.09204984360992963,123.59102928534588,-25,36
GTY030 clump 36C 14 01 m-35.csv,231000000,525.36,524.35,GTY030 clump 36C 14,10950912.63,592.3921693489409,22.0149,480.68,19675785.67229361,2065450.7743344244,0.10497424645374552,111.7121693489409,-35,36
GTY030 clump 36C 14 01 m-50.csv,231000000,525.36,524.35,GTY030 clump 36C 14,18735602.34,566.3055102574386,39.3958,480.68,19675785.67229361,2833027.1915679863,0.1439854671499753,85.62551025743863,-50,36
GTY030 clump 36C 14 02 m-25.csv,173000000,532.95,386.95,GTY030 clump 36C 14,6237836.71,597.7787386531899,12.426400000000001,480.68,16986542.7899555,1222067.4947509854,0.07194327355850301,117.09873865318986,-25,36
GTY030 clump 36C 14 02 m-35.csv,173000000,532.95,386.95,GTY030 clump 36C 14,7585790.62,591.3396063899437,15.274,480.68,16986542.7899555,1419513.58696565,0.08356695088096669,110.65960638994369,-35,36
GTY030 clump 36C 14 02 m-50.csv,173000000,532.95,386.95,GTY030 clump 36C 14,14248749.3,566.6617602971236,29.9404,480.68,16986542.7899555,2162029.307130258,0.12727894862801106,85.98176029712357,-50,36
GTY030 clump 36C 14 03 m-25.csv,96440576,522.22,219.89,GTY030 clump 36C 14,457758.49,575.7942308912149,0.9459000000000001,480.68,7671311.497438484,75559.37767699684,0.00984960364368293,95.11423089121485,-25,36
GTY030 clump 36C 14 03 m-35.csv,96440576,522.22,219.89,GTY030 clump 36C 14,737067.8999999999,574.9261729524804,1.5299,480.68,7671311.497438484,121094.49903418141,0.015785371129123864,94.24617295248044,-35,36
GTY030 clump 36C 14 03 m-50.csv,96440576,522.22,219.89,GTY030 clump 36C 14,1495492.19,572.7619061395051,3.1109999999999998,480.68,7671311.497438484,240586.89006466803,0.03136189817673315,92.08190613950507,-50,36
GTY030 clump 36C 14 04 m-25.csv,214000000,527.28,483.29,GTY030 clump 36C 14,4483854.77,604.215481498246,8.837,480.68,18914347.862601817,916841.3958175865,0.048473328421245805,123.53548149824604,-25,36
GTY030 clump 36C 14 04 m-35.csv,214000000,527.28,483.29,GTY030 clump 36C 14,5529557.63,594.572843730252,11.077,480.68,18914347.862601817,1059537.2721928286,0.05601764754933935,113.89284373025197,-35,36
GTY030 clump 36C 14 04 m-50.csv,214000000,527.28,483.29,GTY030 clump 36C 14,9279124.05,570.9905696774894,19.351300000000002,480.68,18914347.862601817,1467730.6853111614,0.07759879938621704,90.31056967748935,-50,36
GTY030 clump 36C 15 01 m-25.csv,176000000,530.97,394,GTY030 clump 36C 15,8473100.12,654.0007252851279,15.4229,483.54,15694482.237339381,2207943.831359704,0.14068280800666969,170.46072528512792,-25,36
GTY030 clump 36C 15 01 m-35.csv,176000000,530.97,394,GTY030 clump 36C 15,9681050.27,647.6824938882176,17.7935,483.54,15694482.237339381,2452901.2051734263,0.15629067388649684,164.14249388821753,-35,36
GTY030 clump 36C 15 01 m-50.csv,176000000,530.97,394,GTY030 clump 36C 15,13758708.06,620.4860966696206,26.4054,483.54,15694482.237339381,3036966.877467035,0.1935053881702235,136.94609666962054,-50,36
GTY030 clump 36C 15 03 m-25.csv,122000000,511.58,284.58,GTY030 clump 36C 15,957190.7,604.2870526762506,1.8851,483.54,6701623.58276643,191165.0869236583,0.028525190136797468,120.74705267625058,-25,36
GTY030 clump 36C 15 03 m-35.csv,122000000,511.58,284.58,GTY030 clump 36C 15,1245243.23,603.6030916496945,2.455,483.54,6701623.58276643,247547.56865709246,0.03693844716878366,120.06309164969451,-35,36
GTY030 clump 36C 15 03 m-50.csv,122000000,511.58,284.58,GTY030 clump 36C 15,1874871.2699999998,597.4922698072804,3.736,483.54,6701623.58276643,357542.353237591,0.05335160186511065,113.9522698072804,-50,36
GTY030 clump 36C 15 04 m-25.csv,245000000,515.49,566.71,GTY030 clump 36C 15,4252412.72,625.8152188735178,8.096,483.54,15206504.157218438,967380.6769127401,0.06361624387243074,142.27521887351776,-25,36
GTY030 clump 36C 15 04 m-35.csv,245000000,515.49,566.71,GTY030 clump 36C 15,5104927.07,619.7593950519081,9.8058,483.54,15206504.157218438,1121810.8205257412,0.07377177613785903,136.21939505190807,-35,36
GTY030 clump 36C 15 04 m-50.csv,245000000,515.49,566.71,GTY030 clump 36C 15,7109328.28,609.1367486053625,13.8925,483.54,15206504.157218438,1465400.881834214,0.09636671694451199,125.5967486053625,-50,36
GTY030 clump 36C 15 05 m-25.csv,206000000,516.14,474.34,GTY030 clump 36C 15,2366260.6,627.4876960598704,4.4897,483.54,12986885.02561517,542774.8139749726,0.04179407247422383,143.94769605987034,-25,36
GTY030 clump 36C 15 05 m-35.csv,206000000,516.14,474.34,GTY030 clump 36C 15,2928589.4499999997,623.1084595155463,5.589799999999999,483.54,12986885.02561517,655211.0313261112,0.050451746514563044,139.5684595155463,-35,36
GTY030 clump 36C 15 05 m-50.csv,206000000,516.14,474.34,GTY030 clump 36C 15,4275040.06,613.529618118299,8.301,483.54,12986885.02561517,906226.4382296129,0.06978012328916311,129.989618118299,-50,36
GTY030 clump 36C 17 01 m-25.csv,170000000,527.07,383.25,GTY030 clump 36C 17,6755901.84,682.1494817642069,11.79,474.83,16814462.08112877,2052823.2888217012,0.12208676548300815,207.31948176420696,-25,36
GTY030 clump 36C 17 01 m-35.csv,170000000,527.07,383.25,GTY030 clump 36C 17,7854103.08,675.2805959690818,13.843,474.83,16814462.08112877,2330425.4640127653,0.13859649227959853,200.4505959690818,-35,36
GTY030 clump 36C 17 01 m-50.csv,170000000,527.07,383.25,GTY030 clump 36C 17,10531343.85,657.7429966153281,19.0565,474.83,16814462.08112877,2927422.1214411696,0.17410144358567844,182.91299661532815,-50,36
GTY030 clump 36C 17 02 m-25.csv,93902288,524.77,213.07,GTY030 clump 36C 17,1264082.69,657.7147658643325,2.285,474.83,8936521.206013268,350963.0385487528,0.03927289271272521,182.88476586433256,-25,36
GTY030 clump 36C 17 02 m-35.csv,93902288,524.77,213.07,GTY030 clump 36C 17,1504187.11,654.5770618368093,2.733,474.83,8936521.206013268,412571.36138405977,0.046166886629938945,179.74706183680934,-35,36
GTY030 clump 36C 17 02 m-50.csv,93902288,524.77,213.07,GTY030 clump 36C 17,2061527.3699999999,647.4621929362152,3.794,474.83,8936521.206013268,550068.4807256239,0.061552864704835036,172.63219293621518,-50,36
GTY030 clump 36C 17 03 m-25.csv,93432448,539.29,206.29,GTY030 clump 36C 17,1022251.07,669.0068844909819,1.8241,474.83,11167761.316872424,297470.4417569497,0.026636532901856243,194.17688449098188,-25,36
GTY030 clump 36C 17 03 m-35.csv,93432448,539.29,206.29,GTY030 clump 36C 17,1291800.23,665.19343146989,2.3165,474.83,11167761.316872424,370350.96077937365,0.033162506815026735,190.36343146989003,-35,36
GTY030 clump 36C 17 03 m-50.csv,93432448,539.29,206.29,GTY030 clump 36C 17,1944133.75,655.69,3.53,474.83,11167761.316872424,536185.2691693963,0.04801188474178074,180.86000000000007,-50,36
GTY030 clump 36C 17 04 m-25.csv,104000000,533.54,232.27,GTY030 clump 36C 17,1899018.88,681.38,3.32,474.83,11452567.145376666,575918.3673469387,0.0502872727167929,206.55,-25,36
GTY030 clump 36C 17 04 m-35.csv,104000000,533.54,232.27,GTY030 clump 36C 17,2192083,676.15,3.86,474.83,11452567.145376666,652637.2721928277,0.0569861118392389,201.32,-35,36
GTY030 clump 36C 17 04 m-50.csv,104000000,533.54,232.27,GTY030 clump 36C 17,2813806.5,668.68,5.01,474.83,11452567.145376666,815644.9987402365,0.07121940333434391,193.84999999999997,-50,36
GTY030 clump 36C 17 05 m-25.csv,111000000,526.53,250.25,GTY030 clump 36C 17,1269439.8900000001,672.3981349911189,2.252,474.83,10865814.226925336,373665.4404971863,0.03438908789469717,197.56813499111894,-25,36
GTY030 clump 36C 17 05 m-35.csv,111000000,526.53,250.25,GTY030 clump 36C 17,1508863.13,671.8062775907222,2.673,474.83,10865814.226925336,442191.643571009,0.0406956749246885,196.9762775907222,-35,36
GTY030 clump 36C 17 05 m-50.csv,111000000,526.53,250.25,GTY030 clump 36C 17,2029648.88,668.75,3.61,474.83,10865814.226925336,587932.4766943814,0.054108460205172015,193.92000000000002,-50,36
GTY030 clump 36C 17 06 m-25.csv,113000000,527.37,255.02,GTY030 clump 36C 17,1429395.07,688.2053764049488,2.4734,474.83,11252835.138993872,443237.3024271439,0.03938894482611022,213.37537640494878,-25,36
GTY030 clump 36C 17 06 m-35.csv,113000000,527.37,255.02,GTY030 clump 36C 17,1734415.77,679.3745098684211,3.04,474.83,11252835.138993872,522226.6817838248,0.04640845398811358,204.54450986842113,-35,36
GTY030 clump 36C 17 06 m-50.csv,113000000,527.37,255.02,GTY030 clump 36C 17,2430921.5700000003,663.6728996112508,4.373,474.83,11252835.138993872,693550.0125976317,0.061633357641072015,188.84289961125086,-50,36
GTY030 clump 36C 18 01 m-25.csv,121000000,546.27,263.65,GTY030 clump 36C 18,4179973.66,744.1706341609332,6.686,474.98,15785343.495422851,1511555.034853447,0.09575686682343912,269.1906341609332,-25,36
GTY030 clump 36C 18 01 m-35.csv,121000000,546.27,263.65,GTY030 clump 36C 18,4832809.61,734.2540081695175,7.8340000000000005,474.98,15785343.495422851,1705847.4678760394,0.1080652738643711,259.2740081695175,-35,36
GTY030 clump 36C 18 01 m-50.csv,121000000,546.27,263.65,GTY030 clump 36C 18,6357953.93,712.2078678961235,10.628,474.98,15785343.495422851,2117458.4530108343,0.13414079038728657,237.22786789612348,-50,36
GTY030 clump 36C 18 02 m-25.csv,208000000,560.14,442.03,GTY030 clump 36C 18,8411058.52,830.7304387128878,12.058,474.98,31614407.32342318,3602619.2911732597,0.11395498433095949,355.7504387128878,-25,36
GTY030 clump 36C 18 02 m-35.csv,208000000,560.14,442.03,GTY030 clump 36C 18,9629461.24,815.6431763199089,14.054,474.98,31614407.32342318,4020895.5068447124,0.12718554125370626,340.66317631990887,-35,36
GTY030 clump 36C 18 02 m-50.csv,208000000,560.14,442.03,GTY030 clump 36C 18,12351132.79,784.9977837087647,18.734,474.98,31614407.32342318,4877696.447467874,0.15428713869495755,310.0177837087647,-50,36
GTY030 clump 36C 18 03 m-25.csv,110000000,543.81,240.22,GTY030 clump 36C 18,4184094.2,864.300459670425,5.765,474.98,13886237.17141176,1884968.883849836,0.13574367631646886,389.32045967042495,-25,36
GTY030 clump 36C 18 03 m-35.csv,110000000,543.81,240.22,GTY030 clump 36C 18,4738392.13,831.5927358490566,6.784,474.98,13886237.17141176,2031797.0941463,0.14631732621773558,356.61273584905655,-35,36
GTY030 clump 36C 18 03 m-50.csv,110000000,543.81,240.22,GTY030 clump 36C 18,6363484.99,757.0144851142027,10.0129,474.98,13886237.17141176,2371699.9210548415,0.17079500312277324,282.03448511420265,-50,36
GTY030 clump 36C 18 04 m-25.csv,132000000,529.14,297.31,GTY030 clump 36C 18,2131110.23,732.8645066235678,3.4649,474.98,13523397.665238926,750435.9007306625,0.05549166853679179,257.88450662356775,-25,36
GTY030 clump 36C 18 04 m-35.csv,132000000,529.14,297.31,GTY030 clump 36C 18,2606754.69,727.3243745602928,4.2642,474.98,13523397.665238926,903709.4834971027,0.06682562369810607,252.34437456029275,-35,36
GTY030 clump 36C 18 04 m-50.csv,132000000,529.14,297.31,GTY030 clump 36C 18,3518734.94,716.2218264138048,5.853,474.98,13523397.665238926,1185847.3251028801,0.08768856425416142,241.2418264138048,-50,36
GTY030 clump 36C 2 01 m-25.csv,155000000,532.82,347.04,GTY030 clump 36C 2,3074224.19,618.681429054054,5.920000000000001,478.18,15925309.145880587,698554.1782144954,0.043864402996232635,140.50142905405397,-25,36
GTY030 clump 36C 2 01 m-35.csv,155000000,532.82,347.04,GTY030 clump 36C 2,3639947.11,616.3170675195452,7.035,478.18,15925309.145880587,816153.7498950199,0.05124884813342133,138.13706751954516,-35,36
GTY030 clump 36C 2 01 m-50.csv,155000000,532.82,347.04,GTY030 clump 36C 2,4819390.34,610.7377124600638,9.39,478.18,15925309.145880587,1045365.6840513975,0.06564178280468753,132.55771246006378,-50,36
GTY030 clump 36C 2 02 m-25.csv,246000000,608.62,480.44,GTY030 clump 36C 2,9922316,1731.637925064448,6.8271999999999995,478.18,52631723.85991433,7187039.51121189,0.13655337473537937,1253.4579250644479,-25,36
GTY030 clump 36C 2 02 m-35.csv,246000000,608.62,480.44,GTY030 clump 36C 2,11148795.88,1662.5079304513395,7.982900000000001,478.18,52631723.85991433,7940179.25254052,0.1508629904214094,1184.3279304513394,-35,36
GTY030 clump 36C 2 02 m-50.csv,246000000,608.62,480.44,GTY030 clump 36C 2,14143146,1516.04,11.11,478.18,52631723.85991433,9683904.090031072,0.18399367111375545,1037.86,-50,36
GTY030 clump 36C 2 03 m-25.csv,212000000,545.17,462.59,GTY030 clump 36C 2,5638978.66,698.844310990841,9.608,478.18,26025786.596119907,1780585.1179978165,0.06841618836078821,220.664310990841,-25,36
GTY030 clump 36C 2 03 m-35.csv,212000000,545.17,462.59,GTY030 clump 36C 2,6335129.3,690.9166788755608,10.921,478.18,26025786.596119907,1951202.8806584359,0.07497190809016062,212.7366788755608,-35,36
GTY030 clump 36C 2 03 m-50.csv,212000000,545.17,462.59,GTY030 clump 36C 2,7982123.56,671.8011495227996,14.145,478.18,26025786.596119907,2300135.348954397,0.08837909050162257,193.6211495227996,-50,36
GTY030 clump 36C 3 01 m-25.csv,134000000,528.22,301.33,GTY030 clump 36C 3,2696327.96,771.4546465253893,4.157299999999999,475.48,13346891.912320485,1033388.257327623,0.0774253859337622,295.9746465253893,-25,36
GTY030 clump 36C 3 01 m-35.csv,134000000,528.22,301.33,GTY030 clump 36C 3,3028203.57,756.663837768583,4.7611,475.48,13346891.912320485,1124333.896027547,0.0842393797307729,281.183837768583,-35,36
GTY030 clump 36C 3 01 m-50.csv,134000000,528.22,301.33,GTY030 clump 36C 3,3782968.94,731.7192295937444,6.1513,475.48,13346891.912320485,1323762.8059124884,0.09918135357719694,256.2392295937444,-50,36
GTY030 clump 36C 3 02 m-25.csv,236000000,554.46,507.12,GTY030 clump 36C 3,9677767.54,746.0382634032635,15.444,475.48,33637639.70773495,3509281.7838246417,0.10432604113473767,270.5582634032635,-25,36
GTY030 clump 36C 3 02 m-35.csv,236000000,554.46,507.12,GTY030 clump 36C 3,10744534.57,734.1827072330656,17.419999999999998,475.48,33637639.70773495,3784833.4257159666,0.11251780620165353,258.70270723306555,-35,36
GTY030 clump 36C 3 02 m-50.csv,236000000,554.46,507.12,GTY030 clump 36C 3,13718340.15,704.5860400450215,23.1889,475.48,33637639.70773495,4461843.497102543,0.1326443691016925,229.10604004502147,-50,36
GTY030 clump 36C 3 03 m-25.csv,185000000,536.21,409.8,GTY030 clump 36C 3,2381140.32,669.7867021276596,4.2299999999999995,475.48,20901279.919375163,690280.8012093726,0.03302576702824275,194.3067021276596,-25,36
GTY030 clump 36C 3 03 m-35.csv,185000000,536.21,409.8,GTY030 clump 36C 3,2885110.27,666.3052862410246,5.153,475.48,20901279.919375163,825835.8108675567,0.03951125548546047,190.82528624102463,-35,36
GTY030 clump 36C 3 03 m-50.csv,185000000,536.21,409.8,GTY030 clump 36C 3,3904599.13,656.4543796753704,7.085,475.48,20901279.919375163,1076848.4756865704,0.051520695375614226,180.97437967537041,-50,36
GTY030 clump 36C 3 04 m-25.csv,183000000,534.13,406.88,GTY030 clump 36C 3,4830330.4,769.0073497194762,7.486,475.48,20041582.262534633,1845423.4819853855,0.09207972992407822,293.5273497194762,-25,36
GTY030 clump 36C 3 04 m-35.csv,183000000,534.13,406.88,GTY030 clump 36C 3,5537136.08,762.5993736251013,8.637,475.48,20041582.262534633,2082682.480893592,0.10391806662824823,287.1193736251013,-35,36
GTY030 clump 36C 3 04 m-50.csv,183000000,534.13,406.88,GTY030 clump 36C 3,6960500.41,748.7664437415275,11.065,475.48,20041582.262534633,2539610.733182163,0.12671707751985553,273.2864437415275,-50,36
GTY030 clump 36C 4 02 m-25.csv,161000000,555.06,344.74,GTY030 clump 36C 4,4558201.8,816.4585348977135,6.648000000000001,474.81,23234555.303602904,1907516.1333669268,0.08209824153902075,341.64853489771355,-25,36
GTY030 clump 36C 4 02 m-35.csv,161000000,555.06,344.74,GTY030 clump 36C 4,5363598.86,807.5313773060399,7.914,474.81,23234555.303602904,2211436.113210716,0.095178757859324975,332.72137730603987,-35,36
GTY030 clump 36C 4 02 m-50.csv,161000000,555.06,344.74,GTY030 clump 36C 4,6989848.19,788.2023396798334,10.557,474.81,23234555.303602904,2778603.2837826493,0.1195892603699534,313.39233967983336,-50,36
GTY030 clump 36C 4 03 m-25.csv,105000000,548.04,228.57,GTY030 clump 36C 4,1964182.95,727.7450834965949,3.2157,474.81,14057429.327286461,683096.790123457,0.04859329356879767,252.93508349659493,-25,36
GTY030 clump 36C 4 03 m-35.csv,105000000,548.04,228.57,GTY030 clump 36C 4,2298484.8,714.7093399426037,3.833,474.81,14057429.327286461,772263.5172587554,0.05493632578751347,239.89933994260372,-35,36
GTY030 clump 36C 4 03 m-50.csv,105000000,548.04,228.57,GTY030 clump 36C 4,3034299.25,691.66,5.22,474.81,14057429.327286461,950665.154950869,0.06762724057275259,216.84999999999997,-50,36
GTY030 clump 36C 4 04 m-25.csv,192000000,542.49,421.55,GTY030 clump 36C 4,5146899.9,758.4563109680615,8.078,474.81,23961118.6696901,1924325.9427227688,0.08031035483985845,283.6463109680615,-25,36
GTY030 clump 36C 4 04 m-35.csv,192000000,542.49,421.55,GTY030 clump 36C 4,5972819.83,746.0437458053692,9.536,474.81,23961118.6696901,2172239.019064416,0.09065682821446128,271.2337458053692,-35,36
GTY030 clump 36C 4 04 m-50.csv,192000000,542.49,421.55,GTY030 clump 36C 4,7792039.81,717.0406051472294,12.939,474.81,23961118.6696901,2632251.44872764,0.10985511507262545,242.23060514722937,-50,36
GTY030 clump 36C 4 05 m-25.csv,153000000,541.01,336.34,GTY030 clump 36C 4,5854387.5,721.6121702215779,9.658000000000001,474.81,18699679.180314094,2001860.552616108,0.10705320306904234,246.8021702215779,-25,36
GTY030 clump 36C 4 05 m-35.csv,153000000,541.01,336.34,GTY030 clump 36C 4,6815402.19,713.3517657404151,11.372,474.81,18699679.180314094,2278237.13781809,0.12183295316726515,238.5417657404151,-35,36
GTY030 clump 36C 4 05 m-50.csv,153000000,541.01,336.34,GTY030 clump 36C 4,9031168.06,693.9602330323896,15.495700000000001,474.81,18699679.180314094,2852008.285882254,0.15251642867139018,219.15023303238962,-50,36
GTY030 clump 36C 5 01 m-25.csv,161000000,540.74,354.94,GTY030 clump 36C 5,3316034.23,812.8340616309966,4.8547,476.23,19230015.453094814,1372395.8495002934,0.07136738152123662,336.6040616309966,-25,36
GTY030 clump 36C 5 01 m-35.csv,161000000,540.74,354.94,GTY030 clump 36C 5,4035742.67,798.0519889089971,6.0229,476.23,19230015.453094814,1627867.352817669,0.08465242041995788,321.8219889089971,-35,36
GTY030 clump 36C 5 01 m-50.csv,161000000,540.74,354.94,GTY030 clump 36C 5,5511534.07,777.5768121095741,8.4363,476.23,19230015.453094814,2135090.376249265,0.11102905150841419,301.3468121095741,-50,36
GTY030 clump 36C 5 02 m-25.csv,146000000,539.76,321.24,GTY030 clump 36C 5,3440858.97,871.9949380824715,4.6998,476.23,17139814.562862176,1562119.8085159985,0.091139831343376,395.76493808247153,-25,36
GTY030 clump 36C 5 02 m-35.csv,146000000,539.76,321.24,GTY030 clump 36C 5,4062015.31,853.7351974648235,5.6643,476.23,17139814.562862176,1795836.642311245,0.10477573346694122,377.5051974648235,-35,36
GTY030 clump 36C 5 02 m-50.csv,146000000,539.76,321.24,GTY030 clump 36C 5,5339447.96,823.4689393939393,7.722,476.23,17139814.562862176,2251935.0718064997,0.1313861981147624,347.2389393939393,-50,36
GTY030 clump 36C 5 03 m-25.csv,97325416,517.08,224.12,GTY030 clump 36C 5,1156249.0699999998,743.0751540873702,1.8496000000000001,476.23,7689008.146468468,414509.78164105135,0.05390939556117314,266.84515408737013,-25,36
GTY030 clump 36C 5 03 m-35.csv,97325416,517.08,224.12,GTY030 clump 36C 5,1414601.93,732.1860542588398,2.2964,476.23,7689008.146468468,493640.28134710656,0.0642007749170917,255.9560542588398,-35,36
GTY030 clump 36C 5 03 m-50.csv,97325416,517.08,224.12,GTY030 clump 36C 5,1970074.2,711.4713475371027,3.2948999999999997,476.23,7689008.146468468,650958.8611740988,0.08466096650880539,235.24134753710268,-50,36
GTY030 clump 36C 5 04 m-25.csv,252000000,570.76,526.02,GTY030 clump 36C 5,12417034.43,930.6684611608323,15.8886,476.23,41760872.2600151,6063988.354749307,0.14520741609497967,454.4384611608323,-25,36
GTY030 clump 36C 5 04 m-35.csv,252000000,570.76,526.02,GTY030 clump 36C 5,14042029.1,904.8283681664198,18.4786,476.23,41760872.2600151,6651463.681867812,0.15927501802294508,428.59836816641973,-35,36
GTY030 clump 36C 5 04 m-50.csv,252000000,570.76,526.02,GTY030 clump 36C 5,18373693.78,846.9513994136352,25.8201,476.23,41760872.2600151,8039022.092046696,0.192501297434437,370.72139941363514,-50,36
GTY030 clump 36C 5 05 m-25.csv,99035944,539.09,218.74,GTY030 clump 36C 5,3198712.23,845.3222419533851,4.505000000000001,476.23,11547825.984714875,1396456.3282102963,0.12092807166116783,369.09224195338504,-25,36
GTY030 clump 36C 5 05 m-35.csv,99035944,539.09,218.74,GTY030 clump 36C 5,3605887.08,823.8236959398554,5.2141,476.23,11547825.984714875,1522120.0050390526,0.13181009196482404,347.59369593985537,-35,36
GTY030 clump 36C 5 05 m-50.csv,99035944,539.09,218.74,GTY030 clump 36C 5,4426869,783.66,6.73,476.23,11547825.984714875,1737636.6003191397,0.15047305030567132,307.42999999999995,-50,36
GTY030 clump 36C 6 01 m-25.csv,181000000,534,404.35,GTY030 clump 36C 6,6608784.92,611.1428415088482,12.884,480.13,18293721.760309063,1417627.8239690936,0.07749258694011882,131.01284150884817,-25,36
GTY030 clump 36C 6 01 m-35.csv,181000000,534,404.35,GTY030 clump 36C 6,7779534.53,607.2134141864428,15.254,480.13,18293721.760309063,1628059.4608213648,0.08899552984093596,127.08341418644284,-35,36
GTY030 clump 36C 6 01 m-50.csv,181000000,534,404.35,GTY030 clump 36C 6,10489279.79,600.1735789908738,20.8081,480.13,18293721.760309063,2097823.797766021,0.11467452196182192,120.04357899087381,-50,36
GTY030 clump 36C 6 02 m-25.csv,140000000,539.12,308.61,GTY030 clump 36C 6,3124329.57,629.9063724161301,5.901999999999999,480.13,15289244.897959186,742403.7540942302,0.04855725440000811,149.77637241613013,-25,36
GTY030 clump 36C 6 02 m-35.csv,140000000,539.12,308.61,GTY030 clump 36C 6,3626071.22,623.3672294372294,6.930000000000001,480.13,15289244.897959186,833655.8327034516,0.054525638006801,143.23722943722942,-35,36
GTY030 clump 36C 6 02 m-50.csv,140000000,539.12,308.61,GTY030 clump 36C 6,4672974.79,612.7686211453745,9.08,480.13,15289244.897959186,1011471.1346266904,0.06615572851224993,132.6386211453745,-50,36
GTY030 clump 36C 6 03 m-25.csv,155000000,538.31,343.86,GTY030 clump 36C 6,4728980.4,620.4183849289412,9.077,480.13,16801692.113882575,1069452.9856386995,0.06365150476451432,140.28838492894124,-25,36
GTY030 clump 36C 6 03 m-35.csv,155000000,538.31,343.86,GTY030 clump 36C 6,5657155.66,619.5574082589901,10.873000000000001,480.13,16801692.113882575,1273195.775594188,0.07577783040924768,139.4274082589901,-35,36
GTY030 clump 36C 6 03 m-50.csv,155000000,538.31,343.86,GTY030 clump 36C 6,7791698.83,611.982858820115,15.1608,480.13,16801692.113882575,1678840.028554631,0.09992088994223812,131.852858820115,-50,36
GTY030 clump 36C 6 04 m-25.csv,131000000,531.18,293.31,GTY030 clump 36C 6,3325810.09,600.973516383495,6.5920000000000005,480.13,12575355.253212385,669018.6109011502,0.05320077225891879,120.84351638349506,-25,36
GTY030 clump 36C 6 04 m-35.csv,131000000,531.18,293.31,GTY030 clump 36C 6,3973699.44,598.9850253164557,7.8999999999999995,480.13,12575355.253212385,788573.6961451245,0.06270786632001372,118.85502531645568,-35,36
GTY030 clump 36C 6 04 m-50.csv,131000000,531.18,293.31,GTY030 clump 36C 6,5471120.13,593.0778142076502,10.98,480.13,12575355.253212385,1041544.4696397076,0.08282425813566135,112.94781420765025,-50,36
GTY030 clump 36C 6 05 m-25.csv,105000000,542.82,231.27,GTY030 clump 36C 6,4622558.5,625.68,8.8,480.13,12176296.54824894,1075703.3677668595,0.08834405137098565,145.54999999999995,-25,36
GTY030 clump 36C 6 05 m-35.csv,105000000,542.82,231.27,GTY030 clump 36C 6,5416138,623.33,10.35,480.13,12176296.54824894,1244746.7876039308,0.10222704273598991,143.20000000000005,-35,36
GTY030 clump 36C 6 05 m-50.csv,105000000,542.82,231.27,GTY030 clump 36C 6,7332641.5,616.65,14.16,480.13,12176296.54824894,1623518.2665658854,0.13333432379317026,136.51999999999998,-50,36
GTY030 clump 36C 7 01 m-25.csv,279000000,547.33,607.91,GTY030 clump 36C 7,9336588.2,918.3431923855144,12.1085,475.03,36912650.541698195,4508153.010833964,0.12213029800559434,443.3131923855144,-25,36
GTY030 clump 36C 7 01 m-35.csv,279000000,547.33,607.91,GTY030 clump 36C 7,10600548.78,899.2865161014533,14.036,475.03,36912650.541698195,5001145.9309649775,0.13548596098011054,424.25651610145337,-35,36
GTY030 clump 36C 7 01 m-50.csv,279000000,547.33,607.91,GTY030 clump 36C 7,13223854.23,866.5069983498349,18.18,475.03,36912650.541698195,5977199.823633157,0.16192822070257573,391.47699834983496,-50,36
GTY030 clump 36C 7 02 m-25.csv,174000000,565.85,365.52,GTY030 clump 36C 7,7045528.83,899.5834282007013,9.3253,475.03,27879840.765936017,3325008.888888889,0.11926211906315591,424.5534282007013,-25,36
GTY030 clump 36C 7 02 m-35.csv,174000000,565.85,365.52,GTY030 clump 36C 7,8076877.31,880.8042323537492,10.923,475.03,27879840.765936017,3722408.6167800473,0.13351613619429772,405.7742323537492,-35,36
GTY030 clump 36C 7 02 m-50.csv,174000000,565.85,365.52,GTY030 clump 36C 7,10301258.62,851.2736988725065,14.4125,475.03,27879840.765936017,4554138.162425465,0.1633487866971527,376.24369887250657,-50,36
GTY030 clump 36C 7 03 m-25.csv,249000000,548.77,540.8,GTY030 clump 36C 7,11044712.03,975.7830385756677,13.48,475.03,33491720.836482745,5669061.022927689,0.16926753482169077,500.7530385756677,-25,36
GTY030 clump 36C 7 03 m-35.csv,249000000,548.77,540.8,GTY030 clump 36C 7,12348831,949.7537297332213,15.481,475.03,33491720.836482745,6172166.0031914,0.18428930640279376,474.7237297332214,-35,36
GTY030 clump 36C 7 03 m-50.csv,249000000,548.77,540.8,GTY030 clump 36C 7,15173639.23,896.0200034715334,20.164,475.03,33491720.836482745,7129287.335180987,0.21286715513927873,420.99000347153344,-50,36
GTY030 clump 36C 8 01 m-25.csv,236000000,548.35,512.4,GTY030 clump 36C 8,8859260.22,1001.8421794214295,10.529399999999999,474.73,31681269.84126984,4661270.665994792,0.14713017152875463,527.1121794214295,-25,36
GTY030 clump 36C 8 01 m-35.csv,236000000,548.35,512.4,GTY030 clump 36C 8,9938083.14,974.5060558372294,12.1496,474.73,31681269.84126984,5099587.7786176205,0.16096538441065278,499.77605583722936,-35,36
GTY030 clump 36C 8 01 m-50.csv,236000000,548.35,512.4,GTY030 clump 36C 8,12280430.1,915.2880264690048,15.9734,474.73,31681269.84126984,5910144.939951289,0.18655012786931904,440.55802646900474,-50,36
GTY030 clump 36C 8 02 m-25.csv,104000000,533.39,231.94,GTY030 clump 36C 8,2406983.87,792.030907079646,3.616,474.73,11426556.143445026,963601.310153691,0.08432998517287046,317.300907079646,-25,36
GTY030 clump 36C 8 02 m-35.csv,104000000,533.39,231.94,GTY030 clump 36C 8,2724881.71,780.9915799614644,4.152,474.73,11426556.143445026,1067941.6141765348,0.09346137198032074,306.26157996146435,-35,36
GTY030 clump 36C 8 02 m-50.csv,104000000,533.39,231.94,GTY030 clump 36C 8,3428975.27,762.6699770089161,5.3499,474.73,11426556.143445026,1293734.8475686572,0.11322176439931317,287.9399770089161,-50,36
GTY030 clump 36C 8 03 m-25.csv,206000000,554.05,441.73,GTY030 clump 36C 8,8520046.17,935.2635820344923,10.843,474.73,29426407.659360014,4193806.693541614,0.14251847327370384,460.53358203449227,-25,36
GTY030 clump 36C 8 03 m-35.csv,206000000,554.05,441.73,GTY030 clump 36C 8,9576595.8,912.2144468442525,12.501,474.73,29426407.659360014,4593090.677752582,0.15608737331862532,437.4844468442525,-35,36
GTY030 clump 36C 8 03 m-50.csv,206000000,554.05,441.73,GTY030 clump 36C 8,12266186.02,850.5913147317527,17.167,474.73,29426407.659360014,5419006.626354245,0.18415454203872403,375.8613147317527,-50,36
GTY030 clump 36C 9 01 m-25.csv,72202096,520.54,165.16,GTY030 clump 36C 9,2639859.98,730.6601627906977,4.300000000000001,475.31,6273777.441840928,922151.423532376,0.14698503924962106,255.35016279069765,-25,36
GTY030 clump 36C 9 01 m-35.csv,72202096,520.54,165.16,GTY030 clump 36C 9,3029443.17,716.8546722288439,5.034,475.31,6273777.441840928,1021194.1546989168,0.1627718171652684,241.54467222884392,-35,36
GTY030 clump 36C 9 01 m-50.csv,72202096,520.54,165.16,GTY030 clump 36C 9,3992412.69,687.9905901070292,6.914,475.31,6273777.441840928,1234965.6504577138,0.1968456264038807,212.68059010702922,-50,36
GTY030 clump 36C 9 02 m-25.csv,128000000,523.71,290,GTY030 clump 36C 9,3100572.53,714.766881533101,5.166,475.31,11788023.851515923,1038913.454270597,0.08813296166999138,239.456881533101,-25,36
GTY030 clump 36C 9 02 m-35.csv,128000000,523.71,290,GTY030 clump 36C 9,3550810.44,706.4837063637882,5.987,475.31,11788023.851515923,1162372.5371630134,0.09860622542034761,231.1737063637882,-35,36
GTY030 clump 36C 9 02 m-50.csv,128000000,523.71,290,GTY030 clump 36C 9,4487113.4,687.5794722615523,7.769,475.31,11788023.851515923,1385001.7048794823,0.11749227201481893,212.26947226155227,-50,36
GTY030 clump 36C 9 03 m-25.csv,164000000,561.18,347.67,GTY030 clump 36C 9,3822863.45,767.0180171977744,5.931,475.31,25073001.51171578,1453027.8407659358,0.057951890605797,291.7080171977744,-25,36
GTY030 clump 36C 9 03 m-35.csv,164000000,561.18,347.67,GTY030 clump 36C 9,4452951.19,758.7255625536787,6.986,475.31,25073001.51171578,1662837.927269673,0.06631985909196728,283.41556255367874,-35,36
GTY030 clump 36C 9 03 m-50.csv,164000000,561.18,347.67,GTY030 clump 36C 9,5883521.5,736.7288605066751,9.513,475.31,25073001.51171578,2088584.546905182,0.08330014042910881,261.4188605066751,-50,36
