filename,RawCellIntDen,RawCellMean,CellVolume_um3,ItemName,ExtracellularBackground,RawMitoIntDen,RawMitoMean,MitoVolume_um3,CellIntDenCorr,MitoIntDenCorr,FractionInMito,MitoMeanCorr,MitoThresh,Temp
GTY027 25C 01 m-25.csv,169000000,798.69,251.9,GTY027 25C,676.88,4038721.18,1064.5375088652481,4.512,25769664.06315614,1468976.80356093,0.05700411149950463,387.65750886524813,-25,25
GTY027 25C 01 m-35.csv,169000000,798.69,251.9,GTY027 25C,676.88,4685792.39,1045.0246589205397,5.336,25769664.06315614,1649802.5531200129,0.06402111215251727,368.14465892053965,-35,25
GTY027 25C 01 m-50.csv,169000000,798.69,251.9,GTY027 25C,676.88,6067009.89,1012.3036440084092,7.135,25769664.06315614,2009950.1973628951,0.07799675589239041,335.42364400840916,-50,25
GTY027 25C 03 m-25.csv,193000000,787.04,292.55,GTY027 25C,676.88,4264066.51,1078.054064954362,4.711,27065850.340136047,1587243.6549928612,0.058643775645176456,401.17406495436205,-25,25
GTY027 25C 03 m-35.csv,193000000,787.04,292.55,GTY027 25C,676.88,4865399.07,1072.8668846082608,5.399,27065850.340136047,1795526.3206517175,0.06633918011395804,395.98688460826077,-35,25
GTY027 25C 03 m-50.csv,193000000,787.04,292.55,GTY027 25C,676.88,6113528.26,1061.8516642335767,6.85,27065850.340136047,2214710.590409003,0.08182675077918394,384.9716642335767,-50,25
GTY027 25C 04 m-25.csv,113000000,786.6,171.38,GTY027 25C,676.88,2663787.66,961.3415933232169,3.295,15792234.483917026,787184.8072562355,0.04984632213116596,284.4615933232169,-25,25
GTY027 25C 04 m-35.csv,113000000,786.6,171.38,GTY027 25C,676.88,3074024.09,960.0311437565582,3.812,15792234.483917026,906502.1919879061,0.05740176875609954,283.1511437565582,-35,25
GTY027 25C 04 m-50.csv,113000000,786.6,171.38,GTY027 25C,676.88,3988420.39,948.49021361629,5.004300000000001,15792234.483917026,1141529.3457629967,0.072284219622343,271.61021361629,-50,25
GTY027 25C 08 m-25.csv,227000000,774.67,348.24,GTY027 25C,676.88,1877755.82,963.4702386182539,2.3217,28600310.405643728,558811.2513647435,0.019538642883207055,286.5902386182539,-25,25
GTY027 25C 08 m-35.csv,227000000,774.67,348.24,GTY027 25C,676.88,2503377.16,964.7059021862349,3.0875,28600310.405643728,746336.1661207693,0.026095386921866907,287.8259021862349,-35,25
GTY027 25C 08 m-50.csv,227000000,774.67,348.24,GTY027 25C,676.88,3977881.3,955.046308623298,4.9575,28600310.405643728,1158150.2267573695,0.04049432367450217,278.16630862329805,-50,25
GTY027 25C 09 m-25.csv,179000000,799.28,266.6,GTY027 25C,676.88,2340852.82,959.3834738942011,2.9074,27405593.34845049,689804.8206937098,0.025170220251141226,282.5034738942011,-25,25
GTY027 25C 09 m-35.csv,179000000,799.28,266.6,GTY027 25C,676.88,2800232.4499999997,956.0585230142331,3.4848000000000003,27405593.34845049,817066.6977408242,0.029813866364875517,279.17852301423306,-35,25
GTY027 25C 09 m-50.csv,179000000,799.28,266.6,GTY027 25C,676.88,3751219.39,950.135122366461,4.699,27405593.34845049,1078378.9535567316,0.03934886356393021,273.255122366461,-50,25
GTY027 25C 10 01 m-25.csv,155000000,807.73,228.62,GTY027 25C 10,685.37,2992364.92,967.1654589896796,3.682,23493695.47325103,871395.7168052407,0.03709061938754491,281.79545898967956,-25,25
GTY027 25C 10 01 m-35.csv,155000000,807.73,228.62,GTY027 25C 10,685.37,4005207.05,962.5673764174165,4.9562,23493695.47325103,1153813.4181573864,0.049111618879672275,277.19737641741654,-35,25
GTY027 25C 10 01 m-50.csv,155000000,807.73,228.62,GTY027 25C 10,685.37,6709300.899999999,953.4318849649475,8.373099999999999,23493695.47325103,1885033.1477282282,0.08023570195137886,268.06188496494747,-50,25
GTY027 25C 10 02 m-25.csv,166000000,814.91,241.97,GTY027 25C 10,685.37,3991131.83,923.2098174757281,5.15,26324677.752582505,1028701.6544889556,0.03907746427733718,237.83981747572807,-25,25
GTY027 25C 10 02 m-35.csv,166000000,814.91,241.97,GTY027 25C 10,685.37,4898449.21,920.8983185980424,6.3340000000000005,26324677.752582505,1252907.0042831951,0.047594390938376537,235.52831859804235,-35,25
GTY027 25C 10 02 m-50.csv,166000000,814.91,241.97,GTY027 25C 10,685.37,7703698.17,914.2108725902594,10.0322,26324677.752582505,1928090.5366591082,0.07324270233355311,228.84087259025944,-50,25
GTY027 25C 10 03 m-25.csv,159000000,801.85,235.84,GTY027 25C 10,685.37,6182508.41,951.0281735985534,7.742,23071002.939447388,1727324.7501469725,0.07486994625593622,265.6581735985534,-25,25
GTY027 25C 10 03 m-35.csv,159000000,801.85,235.84,GTY027 25C 10,685.37,7378870.65,945.9017780647938,9.291,23071002.939447388,2032922.4405811701,0.08811591095180468,260.5317780647938,-35,25
GTY027 25C 10 03 m-50.csv,159000000,801.85,235.84,GTY027 25C 10,685.37,11488331.08,938.6692442614515,14.5725,23071002.939447388,3100027.9138322007,0.1343690138642258,253.29924426145146,-50,25
GTY027 25C 10 04 m-25.csv,177000000,810.25,260.75,GTY027 25C 10,685.37,2714377.2,1020.9192854205548,3.1613,27347325.102880657,890880.9574200051,0.032576530028750904,335.54928542055484,-25,25
GTY027 25C 10 04 m-35.csv,177000000,810.25,260.75,GTY027 25C 10,685.37,3469843.31,1012.8190361741264,4.0775,27347325.102880657,1121334.8828420257,0.041003457509045695,327.4490361741264,-35,25
GTY027 25C 10 04 m-50.csv,177000000,810.25,260.75,GTY027 25C 10,685.37,5421022.63,997.0290922001143,6.4783,27347325.102880657,1695658.9375997314,0.06200456283094091,311.6590922001143,-50,25
GTY027 25C 10 05 m-25.csv,202000000,803.74,299.01,GTY027 25C 10,685.37,3993263.65,942.2558321267778,5.0419,29725215.1675485,1087757.3502981449,0.03659375867144831,256.8858321267778,-25,25
GTY027 25C 10 05 m-35.csv,202000000,803.74,299.01,GTY027 25C 10,685.37,4850605.17,941.857925636008,6.132,29725215.1675485,1320890.1990425806,0.04443669092375883,256.48792563600796,-35,25
GTY027 25C 10 05 m-50.csv,202000000,803.74,299.01,GTY027 25C 10,685.37,7132314.23,940.9165875548465,9.0252,29725215.1675485,1936977.4603174606,0.06516277340296901,255.5465875548465,-50,25
GTY027 25C 10 06 m-25.csv,247000000,842.63,349.29,GTY027 25C 10,685.37,1334823.6099999999,1025.1625865961425,1.5503,46131977.324263036,442412.4019484335,0.009590146089743857,339.79258659614254,-25,25
GTY027 25C 10 06 m-35.csv,247000000,842.63,349.29,GTY027 25C 10,685.37,2149906.32,1019.3352177201083,2.5124,46131977.324263036,704673.0603846477,0.015275154052718787,333.9652177201083,-35,25
GTY027 25C 10 06 m-50.csv,247000000,842.63,349.29,GTY027 25C 10,685.37,5200123.55,1019.0226294912521,6.075699999999999,46131977.324263036,1702505.4850088186,0.0369051053901691,333.6526294912521,-50,25
GTY027 25C 10 m-25.csv,131000000,770.46,202.26,GTY027 25C,676.88,1679820.93,969.22839968926,2.0596,15896103.804484764,505686.3727219282,0.03181196970915974,292.34839968925996,-25,25
GTY027 25C 10 m-35.csv,131000000,770.46,202.26,GTY027 25C,676.88,2027326.3299999998,968.0910088424438,2.488,15896103.804484764,608493.314856807,0.03827939992975719,291.2110088424438,-35,25
GTY027 25C 10 m-50.csv,131000000,770.46,202.26,GTY027 25C,676.88,2786354.83,966.1607746068726,3.434,15896103.804484764,834290.9045099525,0.05248398694242134,289.28077460687257,-50,25
GTY027 25C 11 01 m-25.csv,197000000,1017.16,230.47,GTY027 25C 11,677.83,4173378.34,1628.9594231587212,3.0563000000000002,65680175.61098512,2441367.98185941,0.037170545893776316,951.1294231587211,-25,25
GTY027 25C 11 01 m-35.csv,197000000,1017.16,230.47,GTY027 25C 11,677.83,4918957.9399999995,1613.3320858558066,3.634,65680175.61098512,2855139.4809775767,0.04347033871967982,935.5020858558065,-35,25
GTY027 25C 11 01 m-50.csv,197000000,1017.16,230.47,GTY027 25C 11,677.83,6594776.8100000005,1584.1395251565975,4.949,65680175.61098512,3766965.5160829774,0.05735315840801354,906.3095251565975,-50,25
GTY027 25C 11 02 m-25.csv,192000000,977.83,233.49,GTY027 25C 11,677.83,2573522.93,1512.930668377925,2.0258,58828420.256991684,1420800.3141009493,0.02415159727040416,835.100668377925,-25,25
GTY027 25C 11 02 m-35.csv,192000000,977.83,233.49,GTY027 25C 11,677.83,3056522.4499999997,1501.954319148058,2.4227,58828420.256991684,1676833.7851683882,0.028503804417034276,824.1243191480579,-35,25
GTY027 25C 11 02 m-50.csv,192000000,977.83,233.49,GTY027 25C 11,677.83,4155442.57,1469.3366904020177,3.3705,58828420.256991684,2240508.3564289915,0.038085475466472514,791.5066904020176,-50,25
GTY027 25C 11 03 m-25.csv,187000000,957.73,232.29,GTY027 25C 11,677.83,2987578.13,1331.8801423487544,2.6695,54604829.93197279,1466353.2837826486,0.0268539117438777,654.0501423487543,-25,25
GTY027 25C 11 03 m-35.csv,187000000,957.73,232.29,GTY027 25C 11,677.83,3562885.08,1330.4923952415331,3.1859,54604829.93197279,1746298.0809607795,0.03198065231841824,652.6623952415331,-35,25
GTY027 25C 11 03 m-50.csv,187000000,957.73,232.29,GTY027 25C 11,677.83,4869793.63,1310.649742431089,4.426,54604829.93197279,2352280.3224993697,0.04307824647434783,632.8197424310889,-50,25
GTY027 25C 11 04 m-25.csv,122000000,912.95,159.2,GTY027 25C 11,677.83,1971364.06,1225.1950284580441,1.9151,31436217.35113798,880371.8535315362,0.028005018660416756,547.3650284580441,-25,25
GTY027 25C 11 04 m-35.csv,122000000,912.95,159.2,GTY027 25C 11,677.83,2441965.02,1208.9108523908524,2.405,31436217.35113798,1072687.8726799358,0.03412267642439827,531.0808523908523,-35,25
GTY027 25C 11 04 m-50.csv,122000000,912.95,159.2,GTY027 25C 11,677.83,3444297.98,1186.932207957437,3.4584,31436217.35113798,1478692.4296632232,0.04703786123967918,509.1022079574369,-50,25
GTY027 25C 11 05 m-25.csv,176000000,958.75,218.89,GTY027 25C 11,677.83,5354819.19,1590.139209673398,4.011,51642377.425044075,3073210.917947425,0.05950947789744988,912.309209673398,-25,25
GTY027 25C 11 05 m-35.csv,176000000,958.75,218.89,GTY027 25C 11,677.83,5961771.56,1563.7969018743108,4.535,51642377.425044075,3374367.9348282516,0.06534106489822146,885.9669018743108,-35,25
GTY027 25C 11 05 m-50.csv,176000000,958.75,218.89,GTY027 25C 11,677.83,7120535.84,1520.8610412926391,5.57,51642377.425044075,3943632.233140169,0.07636426574016898,843.0310412926391,-50,25
GTY027 25C 11 06 m-25.csv,135000000,954.41,169.03,GTY027 25C 11,677.83,4210016.84,1359.8055513307986,3.682,39262885.19358359,2108872.075249853,0.05371159212707294,681.9755513307986,-25,25
GTY027 25C 11 06 m-35.csv,135000000,954.41,169.03,GTY027 25C 11,677.83,4719679.2,1353.1148039451527,4.157,39262885.19358359,2357570.277987738,0.06004577265180237,675.2848039451527,-35,25
GTY027 25C 11 06 m-50.csv,135000000,954.41,169.03,GTY027 25C 11,677.83,5844400.91,1333.4277181208054,5.215,39262885.19358359,2871371.5461493237,0.07313195482176557,655.5977181208053,-50,25
GTY027 25C 11 07 m-25.csv,181000000,927.34,232.69,GTY027 25C 11,677.83,4017798.35,1371.2245167765989,3.487,48759957.923910305,2030626.2534643488,0.041645365171010446,693.3945167765988,-25,25
GTY027 25C 11 07 m-35.csv,181000000,927.34,232.69,GTY027 25C 11,677.83,4572070.66,1358.3592321116928,4.011,48759957.923910305,2292435.332157554,0.0470147110408686,680.5292321116927,-35,25
GTY027 25C 11 07 m-50.csv,181000000,927.34,232.69,GTY027 25C 11,677.83,5682945.47,1336.8137154150197,5.0600000000000005,48759957.923910305,2800417.905433778,0.057432738350673265,658.9837154150197,-50,25
GTY027 25C 11 08 m-25.csv,145000000,882.45,195.24,GTY027 25C 11,677.83,2469230.59,1312.0353166815344,2.242,33551699.67246158,1194161.6864029563,0.03559168978205581,634.2053166815343,-25,25
GTY027 25C 11 08 m-35.csv,145000000,882.45,195.24,GTY027 25C 11,677.83,2812011.27,1301.2195666394114,2.5683000000000002,33551699.67246158,1344630.4056437393,0.04007637224850875,623.3895666394113,-35,25
GTY027 25C 11 08 m-50.csv,145000000,882.45,195.24,GTY027 25C 11,677.83,3570407.78,1285.7156110102844,3.306,33551699.67246158,1687805.3497942386,0.050304615452299965,607.8856110102844,-50,25
GTY027 25C 11 09 m-25.csv,171000000,941.9,215.67,GTY027 25C 11,677.83,3768763.1999999997,1377.9378325032283,3.2526,47830668.43033508,1912463.875031494,0.039984050773134806,700.1078325032282,-25,25
GTY027 25C 11 09 m-35.csv,171000000,941.9,215.67,GTY027 25C 11,677.83,4293621.7299999995,1370.9271742627345,3.73,47830668.43033508,2171203.880070546,0.045393550860216056,693.0971742627345,-35,25
GTY027 25C 11 09 m-50.csv,171000000,941.9,215.67,GTY027 25C 11,677.83,5341846.149999999,1359.643861152775,4.667,47830668.43033508,2672398.8326194673,0.05587207790147844,681.8138611527748,-50,25
GTY027 25C 11 10 m-25.csv,232000000,1007.62,273.7,GTY027 25C 11,677.83,4459725.09,1402.558474889705,3.7853,75807107.58377424,2303951.2018140587,0.030392284777096504,724.7284748897049,-25,25
GTY027 25C 11 10 m-35.csv,232000000,1007.62,273.7,GTY027 25C 11,677.83,5128577.08,1386.928787789378,4.406000000000001,75807107.58377424,2623909.6825396824,0.03461297714914141,709.098787789378,-35,25
GTY027 25C 11 10 m-50.csv,232000000,1007.62,273.7,GTY027 25C 11,677.83,6457256.34,1356.292600983832,5.6716999999999995,75807107.58377424,3231742.9528848575,0.04263113388561181,678.462600983832,-50,25
GTY027 25C 12 01 m-25.csv,176000000,974.42,215.34,GTY027 25C 12,676.16,1959545.82,1340.443911243964,1.7396,53940798.18594104,970511.7090786931,0.017992164404635084,664.2839112439641,-25,25
GTY027 25C 12 01 m-35.csv,176000000,974.42,215.34,GTY027 25C 12,676.16,2421069.84,1336.1258001669912,2.1558,53940798.18594104,1194888.9493575206,0.02215185888126054,659.9658001669912,-35,25
GTY027 25C 12 01 m-50.csv,176000000,974.42,215.34,GTY027 25C 12,676.16,3455854.28,1323.7039230991618,3.1130999999999998,53940798.18594104,1693011.6628873777,0.03138647776496268,647.5439230991618,-50,25
GTY027 25C 12 02 m-25.csv,267000000,1064.21,298.86,GTY027 25C 12,676.16,8047270.82,1431.8547727272728,6.688,97398692.36583523,4244634.786260183,0.0435799976689326,755.6947727272728,-25,25
GTY027 25C 12 02 m-35.csv,267000000,1064.21,298.86,GTY027 25C 12,676.16,9028154.73,1424.8715941644562,7.54,97398692.36583523,4741148.416897623,0.04867774198743439,748.7115941644562,-35,25
GTY027 25C 12 02 m-50.csv,267000000,1064.21,298.86,GTY027 25C 12,676.16,11124423.54,1423.6430653482373,9.304,97398692.36583523,5840751.188376585,0.05996744973164916,747.4830653482373,-50,25
GTY027 25C 12 05 m-25.csv,230000000,965.96,283.2,GTY027 25C 12,676.16,5613680.9399999995,1398.8494392132245,4.779,68926984.12698413,2900590.2662299485,0.04208207138275763,722.6894392132245,-25,25
GTY027 25C 12 05 m-35.csv,230000000,965.96,283.2,GTY027 25C 12,676.16,6385532.57,1396.985191036003,5.444,68926984.12698413,3295685.1767867645,0.04781415027117864,720.825191036003,-35,25
GTY027 25C 12 05 m-50.csv,230000000,965.96,283.2,GTY027 25C 12,676.16,7948995.5,1392.3566769592708,6.801,68926984.12698413,4090747.9633828844,0.05934900554834232,716.1966769592708,-50,25
GTY027 25C 12 06 m-25.csv,157000000,936.88,199.81,GTY027 25C 12,676.16,2032828.27,1318.282640317927,1.8369,43751123.87671118,990606.431510876,0.0226418510825542,642.122640317927,-25,25
GTY027 25C 12 06 m-35.csv,157000000,936.88,199.81,GTY027 25C 12,676.16,2480487.19,1300.7062611459344,2.2654,43751123.87671118,1188248.1733434114,0.02715926056418218,624.5462611459344,-35,25
GTY027 25C 12 06 m-50.csv,157000000,936.88,199.81,GTY027 25C 12,676.16,3309663.63,1272.9368018584844,3.0993,43751123.87671118,1553363.854875284,0.035504547477513894,596.7768018584844,-50,25
GTY027 25C 12 07 m-25.csv,194000000,963.97,240.2,GTY027 25C 12,676.16,3593235.33,1285.0514828589426,3.3341,58059932.812631235,1704967.7441840935,0.029365651346623143,608.8914828589426,-25,25
GTY027 25C 12 07 m-35.csv,194000000,963.97,240.2,GTY027 25C 12,676.16,4093047.84,1281.4464244460778,3.8092,58059932.812631235,1936387.8793986728,0.033351534967284734,605.2864244460778,-35,25
GTY027 25C 12 07 m-50.csv,194000000,963.97,240.2,GTY027 25C 12,676.16,5127423.07,1271.3317062814804,4.8046,58059932.812631235,2401580.5660535824,0.04136381924181466,595.1717062814804,-50,25
GTY027 25C 12 08 m-25.csv,128000000,947.24,161.13,GTY027 25C 12,676.16,3326482.39,1302.9239973701513,3.042,36683564.62585034,1601256.4709834552,0.043650514537376076,626.7639973701513,-25,25
GTY027 25C 12 08 m-35.csv,128000000,947.24,161.13,GTY027 25C 12,676.16,3845335.69,1293.8894939214024,3.537,36683564.62585034,1834978.7687914674,0.050021822783775656,617.7294939214024,-35,25
GTY027 25C 12 08 m-50.csv,128000000,947.24,161.13,GTY027 25C 12,676.16,4796271.899999999,1289.4025564588978,4.428,36683564.62585034,2280539.2122281007,0.06216787369188871,613.2425564588979,-50,25
GTY027 25C 13 01 m-25.csv,149000000,882.41,201.24,GTY027 25C 13,668.34,3201141.88,1113.8301446311175,3.4225,36179933.4845049,1280498.8830099937,0.03539251622887599,445.49014463111746,-25,25
GTY027 25C 13 01 m-35.csv,149000000,882.41,201.24,GTY027 25C 13,668.34,3745649.11,1106.5536242643952,4.0273,36179933.4845049,1482168.24472999,0.04096658290885944,438.2136242643952,-35,25
GTY027 25C 13 01 m-50.csv,149000000,882.41,201.24,GTY027 25C 13,668.34,4843724.01,1094.404203036053,5.2700000000000005,36179933.4845049,1885746.493659192,0.05212133666488959,426.0642030360531,-50,25
GTY027 25C 13 02 m-25.csv,170000000,870.49,232.87,GTY027 25C 13,668.34,3274503.53,1093.2921640116672,3.5656,39535290.585369945,1272536.6893424038,0.03218736148137246,424.95216401166715,-25,25
GTY027 25C 13 02 m-35.csv,170000000,870.49,232.87,GTY027 25C 13,668.34,3945603.71,1095.6934491048712,4.2843,39535290.585369945,1537675.6378600819,0.03889374822071245,427.3534491048712,-35,25
GTY027 25C 13 02 m-50.csv,170000000,870.49,232.87,GTY027 25C 13,668.34,5320707.41,1089.4051676698195,5.8149999999999995,39535290.585369945,2056348.3245149914,0.0520129811636175,421.0651676698195,-50,25
GTY027 25C 13 04 m-25.csv,157000000,844.58,221.64,GTY027 25C 13,668.34,4670807.52,1024.0757287635895,5.427,32805772.73872512,1621380.5324598975,0.04942363483930258,355.73572876358946,-25,25
GTY027 25C 13 04 m-35.csv,157000000,844.58,221.64,GTY027 25C 13,668.34,5734600.54,1015.1565954977608,6.7211,32805772.73872512,1957662.7362055932,0.05967433694664041,346.8165954977608,-35,25
GTY027 25C 13 04 m-50.csv,157000000,844.58,221.64,GTY027 25C 13,668.34,7972971.55,997.9933431455005,9.512,32805772.73872512,2633461.4932392715,0.0802743320272605,329.65334314550046,-50,25
GTY027 25C 13 05 m-25.csv,144000000,824.37,208.04,GTY027 25C 13,668.34,2644078.72,1010.7085314910026,3.112,27261679.01234567,894810.5064247922,0.032823015266945595,342.3685314910026,-25,25
GTY027 25C 13 05 m-35.csv,144000000,824.37,208.04,GTY027 25C 13,668.34,3029176.1799999997,1007.3936850921273,3.582,27261679.01234567,1019980.0957420003,0.037414426869309625,339.05368509212724,-35,25
GTY027 25C 13 05 m-50.csv,144000000,824.37,208.04,GTY027 25C 13,668.34,3794562.78,1002.0247980470483,4.506,27261679.01234567,1262772.9066935412,0.046320437788211224,333.6847980470483,-50,25
GTY027 25C 13 06 m-25.csv,145000000,864.44,199.81,GTY027 25C 13,668.34,2248825.09,1073.9538375496131,2.4943,32907315.864617452,849687.2385991433,0.025820618190034228,405.6138375496131,-25,25
GTY027 25C 13 06 m-35.csv,145000000,864.44,199.81,GTY027 25C 13,668.34,2630409.41,1069.281812419058,2.9342,32907315.864617452,988026.7624086672,0.03002453212755075,400.941812419058,-35,25
GTY027 25C 13 06 m-50.csv,145000000,864.44,199.81,GTY027 25C 13,668.34,3335211.24,1056.4529759625611,3.7608,32907315.864617452,1225846.3760812967,0.037251484779995354,388.1129759625611,-50,25
GTY027 25C 13 07 m-25.csv,164000000,858.76,228.04,GTY027 25C 13,668.34,3143526.11,1086.5958207656613,3.448,36468780.38128831,1211174.9979003947,0.033211283328845126,418.25582076566127,-25,25
GTY027 25C 13 07 m-35.csv,164000000,858.76,228.04,GTY027 25C 13,668.34,3599865,1080.0616624685142,3.9699999999999998,36468780.38128831,1372751.3227513237,0.03764182153609024,411.7216624685142,-35,25
GTY027 25C 13 07 m-50.csv,164000000,858.76,228.04,GTY027 25C 13,668.34,4601758.41,1067.1995639478296,5.137,36468780.38128831,1720787.419165197,0.047185219828412804,398.85956394782954,-50,25
GTY027 25C 13 08 m-25.csv,179000000,877.86,243.2,GTY027 25C 13,668.34,3798683.86,1111.872838825585,4.0633,42794376.41723356,1513569.3155286799,0.03536841618561724,443.5328388255849,-25,25
GTY027 25C 13 08 m-35.csv,179000000,877.86,243.2,GTY027 25C 13,668.34,4550076.71,1110.2437006501364,4.8759,42794376.41723356,1809589.5305282602,0.04228568522380729,441.90370065013633,-35,25
GTY027 25C 13 08 m-50.csv,179000000,877.86,243.2,GTY027 25C 13,668.34,6158826.34,1096.5012663089774,6.6911000000000005,42794376.41723356,2406038.3379524634,0.05622323630783266,428.16126630897736,-50,25
GTY027 25C 15 01 m-25.csv,201000000,952.58,251.8,GTY027 25C 15,667.63,5652204.86,1665.392926466947,4.039,60259015.70504746,3384533.8540354404,0.05616643110471422,997.7629264669471,-25,25
GTY027 25C 15 01 m-35.csv,201000000,952.58,251.8,GTY027 25C 15,667.63,6511843.13,1639.488725428028,4.731,60259015.70504746,3861479.4910556814,0.06408135688701987,971.8587254280279,-35,25
GTY027 25C 15 01 m-50.csv,201000000,952.58,251.8,GTY027 25C 15,667.63,8507260.95,1621.440677857714,6.255,60259015.70504746,5010570.076425633,0.0831505463174357,953.810677857714,-50,25
GTY027 25C 15 02 m-25.csv,213000000,908.13,279.63,GTY027 25C 15,667.63,3022247.31,1263.5191611091611,2.849,56480234.3159486,1425790.0562694215,0.025244053491237272,595.8891611091611,-25,25
GTY027 25C 15 02 m-35.csv,213000000,908.13,279.63,GTY027 25C 15,667.63,3455227.35,1258.7411842105262,3.268,56480234.3159486,1622366.129167716,0.02872449360057985,591.1111842105262,-35,25
GTY027 25C 15 02 m-50.csv,213000000,908.13,279.63,GTY027 25C 15,667.63,4436433.25,1258.425244455044,4.193,56480234.3159486,2080460.6198034766,0.036835198100727544,590.7952444550441,-50,25
GTY027 25C 15 03 m-25.csv,218000000,880.99,294.41,GTY027 25C 15,667.63,4772802.81,1352.3431493815413,4.204,52754948.85361552,2417514.134542705,0.04582535263659956,684.7131493815413,-25,25
GTY027 25C 15 03 m-35.csv,218000000,880.99,294.41,GTY027 25C 15,667.63,5373467.19,1350.7602071443669,4.731,52754948.85361552,2714276.484420928,0.05145065142518676,683.1302071443669,-35,25
GTY027 25C 15 03 m-50.csv,218000000,880.99,294.41,GTY027 25C 15,667.63,6517419.13,1341.5926259304138,5.777,52754948.85361552,3269910.212480054,0.061983004126369326,673.9626259304138,-50,25
GTY027 25C 15 04 m-25.csv,188000000,901.32,249,GTY027 25C 15,667.63,2370982.83,1606.3271154392141,1.7610999999999999,48869412.95036534,1388376.156882506,0.02840992091091053,938.6971154392141,-25,25
GTY027 25C 15 04 m-35.csv,188000000,901.32,249,GTY027 25C 15,667.63,2886507.65,1583.2935438903203,2.1736,48869412.95036534,1671526.2274292433,0.03420393506930283,915.6635438903203,-35,25
GTY027 25C 15 04 m-50.csv,188000000,901.32,249,GTY027 25C 15,667.63,3881076.1799999997,1540.123944422231,3.0012,48869412.95036534,2199150.7734945826,0.045000556395636875,872.493944422231,-50,25
GTY027 25C 15 05 m-25.csv,146000000,822.76,212.01,GTY027 25C 15,667.63,2928631.04,1215.213735612138,2.867,27621660.619803473,1318487.0832283527,0.047733809396059895,547.583735612138,-25,25
GTY027 25C 15 05 m-35.csv,146000000,822.76,212.01,GTY027 25C 15,667.63,3295367.09,1203.5480835380836,3.256,27621660.619803473,1465481.884605694,0.05305553148223863,535.9180835380836,-35,25
GTY027 25C 15 05 m-50.csv,146000000,822.76,212.01,GTY027 25C 15,667.63,4068784.11,1182.085911197853,4.099,27621660.619803473,1771021.0632401102,0.06411711039452743,514.455911197853,-50,25
GTY027 25C 15 m-25.csv,195000000,791.28,293.41,GTY027 25C,676.88,3471152.2199999997,970.9907616361074,4.254,28190227.59721172,1050766.0871756116,0.03727412570729093,294.11076163610744,-25,25
GTY027 25C 15 m-35.csv,195000000,791.28,293.41,GTY027 25C,676.88,3949739.73,966.885878962536,4.8580000000000005,28190227.59721172,1183210.3468547913,0.04197235878194265,290.00587896253603,-35,25
GTY027 25C 15 m-50.csv,195000000,791.28,293.41,GTY027 25C,676.88,4944898.95,961.1231483597193,6.127,28190227.59721172,1462633.5516922818,0.05188441798309391,284.24314835971927,-50,25
GTY027 25C 16 01 m-25.csv,223000000,936.06,283.25,GTY027 25C 16,659.5,4154701.2199999997,1385.389383671067,3.5679,65789552.36415552,2175107.6946334084,0.03306159741890088,725.889383671067,-25,25
GTY027 25C 16 01 m-35.csv,223000000,936.06,283.25,GTY027 25C 16,659.5,4738895.58,1367.197239873878,4.123,65789552.36415552,2450521.306794322,0.037247879317225036,707.6972398738781,-35,25
GTY027 25C 16 01 m-50.csv,223000000,936.06,283.25,GTY027 25C 16,659.5,5858568.2,1345.6939433089087,5.186,65789552.36415552,2988663.6348366514,0.045427632921013476,686.1939433089087,-50,25
GTY027 25C 16 03 m-25.csv,216000000,914.56,281.53,GTY027 25C 16,659.5,2469385.63,1264.4890582074174,2.3296,60306577.4754346,1183658.7805492564,0.01962735791185315,604.9890582074174,-25,25
GTY027 25C 16 03 m-35.csv,216000000,914.56,281.53,GTY027 25C 16,659.5,2837760.55,1256.7645572916665,2.688,60306577.4754346,1348322.1046443267,0.022357795137579396,597.2645572916665,-35,25
GTY027 25C 16 03 m-50.csv,216000000,914.56,281.53,GTY027 25C 16,659.5,3616328.51,1243.5409132947977,3.46,60306577.4754346,1697137.4485596707,0.028141829956292677,584.0409132947977,-50,25
GTY027 25C 16 04 m-25.csv,179000000,862.57,247.45,GTY027 25C 16,659.5,3728107.19,1253.1015887323945,3.5500000000000003,42201790.1234568,1769787.217603091,0.041936306787597605,593.6015887323945,-25,25
GTY027 25C 16 04 m-35.csv,179000000,862.57,247.45,GTY027 25C 16,659.5,4175478.2699999996,1247.8111370481927,3.984,42201790.1234568,1968448.450491307,0.04664371925297062,588.3111370481927,-35,25
GTY027 25C 16 04 m-50.csv,179000000,862.57,247.45,GTY027 25C 16,659.5,4982479.5,1236.8811955842534,4.801,42201790.1234568,2328048.3077181494,0.055164681424832794,577.3811955842534,-50,25
GTY027 25C 18 01 m-25.csv,132000000,949.64,165.26,GTY027 25C 18,675.56,1624186.5,983.9698470948013,1.9620000000000002,38040195.515243135,508188.5613504663,0.013359252087619513,308.4098470948013,-25,25
GTY027 25C 18 01 m-35.csv,132000000,949.64,165.26,GTY027 25C 18,675.56,1814802.7599999998,987.3731261425962,2.1879999999999997,38040195.515243135,572979.8605862103,0.015062484638298212,311.8131261425963,-35,25
GTY027 25C 18 01 m-50.csv,132000000,949.64,165.26,GTY027 25C 18,675.56,2169225.38,987.8056596558317,2.615,38040195.515243135,685749.8950197365,0.0180269813477943,312.2456596558318,-50,25
GTY027 25C 18 02 m-25.csv,166000000,993.27,199.31,GTY027 25C 18,675.56,1944971.5399999998,1099.4879442624508,2.1063,53181137.23020072,749911.3370286388,0.014101077488857762,423.92794426245086,-25,25
GTY027 25C 18 02 m-35.csv,166000000,993.27,199.31,GTY027 25C 18,675.56,2419289.93,1093.853287692016,2.6365,53181137.23020072,926203.2863021754,0.017416011287855634,418.29328769201607,-35,25
GTY027 25C 18 02 m-50.csv,166000000,993.27,199.31,GTY027 25C 18,675.56,3345837.63,1088.4537291928177,3.6646,53181137.23020072,1270757.000083984,0.023894882025244497,412.8937291928178,-50,25
GTY027 25C 18 03 m-25.csv,218000000,976.51,266.28,GTY027 25C 18,675.56,4096137.3499999996,950.0348490749756,5.135,67302398.58906525,1183697.2789115645,0.017587742840176904,274.4748490749756,-25,25
GTY027 25C 18 03 m-35.csv,218000000,976.51,266.28,GTY027 25C 18,675.56,4576997.88,950.3237685201324,5.737,67302398.58906525,1323859.695977156,0.019670319687421157,274.76376852013243,-35,25
GTY027 25C 18 03 m-50.csv,218000000,976.51,266.28,GTY027 25C 18,675.56,5518839,952.526962190352,6.903,67302398.58906525,1605696.5986394559,0.023857940167088434,276.9669621903521,-50,25
GTY027 25C 18 04 m-25.csv,209000000,980.5,254.4,GTY027 25C 18,675.56,2579236.41,900.2634122807018,3.42,65152209.62459058,645406.6263542456,0.009906135648707882,224.70341228070185,-25,25
GTY027 25C 18 04 m-35.csv,209000000,980.5,254.4,GTY027 25C 18,675.56,2893390.85,905.0097136100893,3.806,65152209.62459058,733422.0290585371,0.011257055336795815,229.44971361008936,-35,25
GTY027 25C 18 04 m-50.csv,209000000,980.5,254.4,GTY027 25C 18,675.56,3610784.2199999997,910.8432212351947,4.728,65152209.62459058,934256.3786008237,0.014339596216061484,235.2832212351948,-50,25
GTY027 25C 18 05 m-25.csv,183000000,962.74,226.29,GTY027 25C 18,675.56,1965398.1,1035.0838063660478,2.262,54577947.59385236,682995.5908289244,0.012514131090298763,359.5238063660479,-25,25
GTY027 25C 18 05 m-35.csv,183000000,962.74,226.29,GTY027 25C 18,675.56,2307898.81,1041.6384705882354,2.6350000000000002,54577947.59385236,810125.7831527676,0.014843463685761973,366.0784705882354,-35,25
GTY027 25C 18 05 m-50.csv,183000000,962.74,226.29,GTY027 25C 18,675.56,2967999.34,1039.2999794057075,3.399,54577947.59385236,1038340.6315612666,0.019024911660075413,363.7399794057076,-50,25
GTY027 25C 19 01 m-25.csv,294000000,1004.86,348.87,GTY027 25C 19,671.26,7196955.25,1441.950218634376,5.946,97743371.12622827,3848596.657428403,0.039374502977375596,770.6902186343759,-25,25
GTY027 25C 19 01 m-35.csv,294000000,1004.86,348.87,GTY027 25C 19,671.26,8191272.57,1438.0399483775811,6.78,97743371.12622827,4366144.326866549,0.04466946736702993,766.7799483775811,-35,25
GTY027 25C 19 01 m-50.csv,294000000,1004.86,348.87,GTY027 25C 19,671.26,10386493.129999999,1426.1592245650422,8.679,97743371.12622827,5502452.649701857,0.05629489331400132,754.8992245650422,-50,25
GTY027 25C 19 02 m-25.csv,176000000,954.52,219.97,GTY027 25C 19,671.26,4318645.140000001,1405.7311960677227,3.662,52329471.90728143,2258867.4897119347,0.04316625808328906,734.4711960677228,-25,25
GTY027 25C 19 02 m-35.csv,176000000,954.52,219.97,GTY027 25C 19,671.26,4771675.5,1405.5689579207922,4.04,52329471.90728143,2491482.4808935924,0.04761145851630337,734.3089579207922,-35,25
GTY027 25C 19 02 m-50.csv,176000000,954.52,219.97,GTY027 25C 19,671.26,5766399.2,1401.2766346742903,4.897,52329471.90728143,3002344.3856554967,0.05737387128567092,730.0166346742903,-50,25
GTY027 25C 19 03 m-25.csv,363000000,1034.62,417.75,GTY027 25C 19,671.26,5442005.96,1712.4235790668815,3.7873,127482690.85411939,3311664.418409339,0.02597736521108527,1041.1635790668815,-25,25
GTY027 25C 19 03 m-35.csv,363000000,1034.62,417.75,GTY027 25C 19,671.26,6467633.67,1696.644344806297,4.5353,127482690.85411939,3905623.2627865956,0.030636498465943636,1025.3843448062971,-35,25
GTY027 25C 19 03 m-50.csv,363000000,1034.62,417.75,GTY027 25C 19,671.26,8707883.57,1671.0983115879,6.2082,127482690.85411939,5213064.75686571,0.04089233386853364,999.8383115879001,-50,25
GTY027 25C 19 04 m-25.csv,166000000,973.19,203.21,GTY027 25C 19,671.26,2993414.74,1579.6345257837095,2.2553,51528676.66078778,1720548.4740068866,0.03339011566963425,908.3745257837095,-25,25
GTY027 25C 19 04 m-35.csv,166000000,973.19,203.21,GTY027 25C 19,671.26,3558437.5300000003,1567.6511107826473,2.7062,51528676.66078778,2037300.4316788442,0.03953721623961645,896.3911107826473,-35,25
GTY027 25C 19 04 m-50.csv,166000000,973.19,203.21,GTY027 25C 19,671.26,4671648.59,1535.7210511489175,3.6208,51528676.66078778,2628739.8790627364,0.051015086150332886,864.4610511489175,-50,25
GTY027 25C 19 05 m-25.csv,273000000,968.73,336.06,GTY027 25C 19,671.26,8324187.61,1354.9368261344996,7.316000000000001,83957141.34542707,4200705.181825817,0.05003392343413344,683.6768261344996,-25,25
GTY027 25C 19 05 m-35.csv,273000000,968.73,336.06,GTY027 25C 19,671.26,9397336.23,1348.4794348716714,8.299,83957141.34542707,4720117.653481146,0.05622056179903795,677.2194348716714,-35,25
GTY027 25C 19 05 m-50.csv,273000000,968.73,336.06,GTY027 25C 19,671.26,11593195.82,1340.7114606195978,10.297,83957141.34542707,5789318.627697992,0.06895564254479374,669.4514606195978,-50,25
GTY027 25C 2 01 m-25.csv,265000000,956.68,330.44,GTY027 25C 2,669.72,4514099.22,1461.8735382104978,3.677,79636400.77265471,2446248.895607626,0.030717722949222124,792.1535382104978,-25,25
GTY027 25C 2 01 m-35.csv,265000000,956.68,330.44,GTY027 25C 2,669.72,5173415.13,1462.7198195203039,4.211,79636400.77265471,2804503.4349542283,0.03521635091169552,792.9998195203038,-35,25
GTY027 25C 2 01 m-50.csv,265000000,956.68,330.44,GTY027 25C 2,669.72,6451557.5,1457.935688804554,5.2700000000000005,79636400.77265471,3488617.3511379864,0.0438068184560131,788.215688804554,-50,25
GTY027 25C 2 02 m-25.csv,192000000,998.52,229.47,GTY027 25C 2,669.72,3495886.56,1554.4026738227924,2.6737,63365865.457294025,1986542.4246241709,0.03135035575207315,884.6826738227924,-25,25
GTY027 25C 2 02 m-35.csv,192000000,998.52,229.47,GTY027 25C 2,669.72,4258975.7,1533.6881676342525,3.3072,63365865.457294025,2399693.897707231,0.03787045091847637,863.9681676342525,-35,25
GTY027 25C 2 02 m-50.csv,192000000,998.52,229.47,GTY027 25C 2,669.72,5817057.4399999995,1505.7674075685081,4.598,63365865.457294025,3228475.6697740825,0.05094976051340989,836.0474075685081,-50,25
GTY027 25C 2 03 m-25.csv,231000000,942.05,292.58,GTY027 25C 2,669.72,5567305.06,1282.7770451462895,5.161,66917201.14218525,2657249.8614260517,0.03970951886914612,613.0570451462895,-25,25
GTY027 25C 2 03 m-35.csv,231000000,942.05,292.58,GTY027 25C 2,669.72,6218876.29,1276.4286391042206,5.805,66917201.14218525,2957876.585201982,0.04420203676655729,606.7086391042205,-35,25
GTY027 25C 2 03 m-50.csv,231000000,942.05,292.58,GTY027 25C 2,669.72,7479989.31,1270.8038356164384,7.008,66917201.14218525,3537747.140337616,0.052867530021475845,601.0838356164384,-50,25
GTY027 25C 2 04 m-25.csv,189000000,971.8,231.17,GTY027 25C 2,669.72,3024295.81,1373.343097456656,2.6186000000000003,58647714.45368268,1547415.338036449,0.026384921432164723,703.6230974566561,-25,25
GTY027 25C 2 04 m-35.csv,189000000,971.8,231.17,GTY027 25C 2,669.72,3766722.14,1376.2659378447956,3.2628,58647714.45368268,1936103.2048374896,0.03301242380666917,706.5459378447956,-35,25
GTY027 25C 2 04 m-50.csv,189000000,971.8,231.17,GTY027 25C 2,669.72,5263037.4,1375.9418332820674,4.551399999999999,58647714.45368268,2699502.8571428577,0.04602912291279148,706.2218332820673,-50,25
GTY027 25C 2 05 m-25.csv,196000000,943.13,247.47,GTY027 25C 2,669.72,3982880.6999999997,1264.002832,3.75,56824366.0871756,1871639.0526581,0.0329372623319154,594.2828319999999,-25,25
GTY027 25C 2 05 m-35.csv,196000000,943.13,247.47,GTY027 25C 2,669.72,4495566.29,1257.5093046746538,4.257,56824366.0871756,2101468.9426387846,0.036981828172352536,587.7893046746537,-35,25
GTY027 25C 2 05 m-50.csv,196000000,943.13,247.47,GTY027 25C 2,669.72,5739457.07,1245.2791561873519,5.487,56824366.0871756,2652299.5632821023,0.04667539201780354,575.5591561873518,-50,25
GTY027 25C 20 01 m-25.csv,167000000,807.13,245.82,GTY027 25C 20,684.89,4565950.55,962.8038954827281,5.645,25236446.460065506,1317564.4074913915,0.052208792928763695,277.9138954827281,-25,25
GTY027 25C 20 01 m-35.csv,167000000,807.13,245.82,GTY027 25C 20,684.89,5286995.47,957.3457351154312,6.5840000000000005,25236446.460065506,1506549.5590828918,0.05969737306188794,272.45573511543125,-35,25
GTY027 25C 20 01 m-50.csv,167000000,807.13,245.82,GTY027 25C 20,684.89,7796887.01,940.4680700297698,9.8758,25236446.460065506,2119793.3182161762,0.08399729817629299,255.57807002976983,-50,25
GTY027 25C 20 02 m-25.csv,320000000,860.12,443.28,GTY027 25C 20,684.89,3462477.3899999997,1000.4013234579892,4.118,65235537.41496599,1091186.3861594016,0.01672687049726163,315.5113234579892,-25,25
GTY027 25C 20 02 m-35.csv,320000000,860.12,443.28,GTY027 25C 20,684.89,4363629.27,999.4635691596881,5.194500000000001,65235537.41496599,1372346.0191483998,0.02103678567739619,314.5735691596881,-35,25
GTY027 25C 20 02 m-50.csv,320000000,860.12,443.28,GTY027 25C 20,684.89,7269064.27,999.0449295514392,8.6588,65235537.41496599,2284542.457378014,0.03501990706148313,314.1549295514392,-50,25
GTY027 25C 20 03 m-25.csv,182000000,812.89,266.98,GTY027 25C 20,684.89,3480926.57,950.8114757860913,4.357,28700293.94473839,973057.7559418827,0.033904104181492985,265.92147578609126,-25,25
GTY027 25C 20 03 m-35.csv,182000000,812.89,266.98,GTY027 25C 20,684.89,4297914.26,949.6263695450324,5.385,28700293.94473839,1197283.404719912,0.041716764539946785,264.7363695450324,-35,25
GTY027 25C 20 03 m-50.csv,182000000,812.89,266.98,GTY027 25C 20,684.89,6489119.91,960.3699726606188,8.047,28700293.94473839,1861751.356345007,0.06486872085455839,275.47997266061884,-50,25
GTY027 25C 20 04 m-25.csv,161000000,818.19,233.79,GTY027 25C 20,684.89,1020639.84,963.7478557273089,1.2615,26173013.353489555,295438.9728731,0.011287923514306013,278.8578557273089,-25,25
GTY027 25C 20 04 m-35.csv,161000000,818.19,233.79,GTY027 25C 20,684.89,1358255,958.5350477206711,1.6869,26173013.353489555,387681.05400184763,0.014812243770553821,273.6450477206711,-35,25
GTY027 25C 20 04 m-50.csv,161000000,818.19,233.79,GTY027 25C 20,684.89,2290964.43,954.56514958536,2.8579,26173013.353489555,647270.1856051065,0.024730441881611172,269.67514958536003,-50,25
GTY027 25C 20 05 m-25.csv,154000000,788.02,232.84,GTY027 25C 20,684.89,763174.19,1031.3343262572369,0.8809,20166951.54111027,256305.3724699756,0.012709177782645924,346.44432625723687,-25,25
GTY027 25C 20 05 m-35.csv,154000000,788.02,232.84,GTY027 25C 20,684.89,1158413.46,1016.9911399498598,1.3562,20166951.54111027,378261.1623414796,0.018756486897407144,332.10113994985977,-35,25
GTY027 25C 20 05 m-50.csv,154000000,788.02,232.84,GTY027 25C 20,684.89,2367926.42,992.8868237776995,2.843,20166951.54111027,735395.1205173426,0.03646535863480615,307.99682377769955,-50,25
GTY027 25C 20 06 m-25.csv,191000000,833.68,272.1,GTY027 25C 20,684.89,3160388.31,1021.7748368944707,3.6786000000000003,34001645.25069286,1040786.5633660872,0.030609888306651244,336.8848368944707,-25,25
GTY027 25C 20 06 m-35.csv,191000000,833.68,272.1,GTY027 25C 20,684.89,4278053.37,1018.4712849664322,5.0047999999999995,34001645.25069286,1402122.7975140673,0.04123691036643281,333.58128496643224,-35,25
GTY027 25C 20 06 m-50.csv,191000000,833.68,272.1,GTY027 25C 20,684.89,7273059.45,1014.0750134016879,8.5437,34001645.25069286,2362020.6592760566,0.06946783433157327,329.1850134016879,-50,25
GTY027 25C 20 07 m-25.csv,160000000,771.96,246.02,GTY027 25C 20,684.89,1759694.9000000001,886.491744742076,2.3631,17990225.41362225,400105.04997060535,0.022240135449756216,201.601744742076,-25,25
GTY027 25C 20 07 m-35.csv,160000000,771.96,246.02,GTY027 25C 20,684.89,2352368.57,875.4617748240814,3.1975,17990225.41362225,511760.5190224241,0.028446587369323213,190.57177482408144,-35,25
GTY027 25C 20 07 m-50.csv,160000000,771.96,246.02,GTY027 25C 20,684.89,3899548.88,861.3920971629891,5.393,17990225.41362225,799425.3884269759,0.04443665212897493,176.50209716298912,-50,25
GTY027 25C 3 01 m-25.csv,220000000,915.26,285.8,GTY027 25C 3,668.45,3837605.57,1324.7183932714618,3.448,59241033.0057949,1900405.996472663,0.03207921773218855,656.2683932714617,-25,25
GTY027 25C 3 01 m-35.csv,220000000,915.26,285.8,GTY027 25C 3,668.45,4413608.82,1316.705032548823,3.994,59241033.0057949,2174460.9053497934,0.03670531715976475,648.255032548823,-35,25
GTY027 25C 3 01 m-50.csv,220000000,915.26,285.8,GTY027 25C 3,668.45,5556298.38,1303.025047355959,5.068,59241033.0057949,2700954.3461829177,0.045592627426309616,634.575047355959,-50,25
GTY027 25C 3 02 m-25.csv,164000000,926.45,211.34,GTY027 25C 3,668.45,2173692.36,1274.894869218265,2.0301,45792995.71680524,1033966.3466868227,0.02257913749694639,606.444869218265,-25,25
GTY027 25C 3 02 m-35.csv,164000000,926.45,211.34,GTY027 25C 3,668.45,2642985.91,1265.1912570281124,2.49,45792995.71680524,1247909.4062316285,0.02725109783052842,596.7412570281124,-35,25
GTY027 25C 3 02 m-50.csv,164000000,926.45,211.34,GTY027 25C 3,668.45,3498591.81,1251.7520252403847,3.3280000000000003,45792995.71680524,1630325.9763164527,0.035602081733171066,583.3020252403846,-50,25
GTY027 25C 3 03 m-25.csv,201000000,925.64,258.42,GTY027 25C 3,668.45,3927013.48,1213.4910453955902,3.855,55818459.561602406,1764620.1646090532,0.03161355899944859,545.0410453955901,-25,25
GTY027 25C 3 03 m-35.csv,201000000,925.64,258.42,GTY027 25C 3,668.45,4502337.01,1216.3288550658792,4.402,55818459.561602406,2025499.890820526,0.036287276767019025,547.8788550658792,-35,25
GTY027 25C 3 03 m-50.csv,201000000,925.64,258.42,GTY027 25C 3,668.45,5677085.9799999995,1225.6158360536815,5.514,55818459.561602406,2580173.3602082804,0.046224374167129205,557.1658360536815,-50,25
GTY027 25C 3 04 m-25.csv,174000000,882.28,235.44,GTY027 25C 3,668.45,2901432.7800000003,1255.5094834485267,2.749,42281124.71655327,1355359.4692197863,0.032055899134801315,587.0594834485266,-25,25
GTY027 25C 3 04 m-35.csv,174000000,882.28,235.44,GTY027 25C 3,668.45,3262510.76,1248.0807793457343,3.118,42281124.71655327,1517837.2134038794,0.03589869530622109,579.6307793457343,-35,25
GTY027 25C 3 04 m-50.csv,174000000,882.28,235.44,GTY027 25C 3,668.45,4015402.44,1235.904275362319,3.864,42281124.71655327,1841474.1916519694,0.04355310328182976,567.4542753623189,-50,25
GTY027 25C 3 05 m-25.csv,217000000,898.95,287.15,GTY027 25C 3,668.45,4916340.77,1290.3817434428038,4.537,55587532.543881744,2369786.109011506,0.04263161181224867,621.9317434428037,-25,25
GTY027 25C 3 05 m-35.csv,217000000,898.95,287.15,GTY027 25C 3,668.45,5442313.93,1283.851285204284,5.042,55587532.543881744,2605906.844713194,0.04687934012282424,615.401285204284,-35,25
GTY027 25C 3 05 m-50.csv,217000000,898.95,287.15,GTY027 25C 3,668.45,6516554.75,1271.7704883644706,6.102,55587532.543881744,3091846.4936591913,0.055621222100808936,603.3204883644705,-50,25
GTY027 25C 5 01 m-25.csv,200000000,941.51,253.32,GTY027 25C 5,681.14,3965365.71,1333.7130716444042,3.5411,55393405.89569161,1940729.406231628,0.03503538688135755,652.5730716444042,-25,25
GTY027 25C 5 01 m-35.csv,200000000,941.51,253.32,GTY027 25C 5,681.14,4678341.63,1323.079682238558,4.2170000000000005,55393405.89569161,2273502.6790963295,0.04104283970870905,641.939682238558,-35,25
GTY027 25C 5 01 m-50.csv,200000000,941.51,253.32,GTY027 25C 5,681.14,6113448.94,1302.8430419204587,5.582,55393405.89569161,2914543.02511128,0.05261534253011092,621.7030419204588,-50,25
GTY027 25C 5 02 m-25.csv,219000000,1023.51,254.97,GTY027 25C 5,681.14,4783751.84,1563.2113167797402,3.6407,73313243.38624339,2697032.873939699,0.03678779916652514,882.0713167797402,-25,25
GTY027 25C 5 02 m-35.csv,219000000,1023.51,254.97,GTY027 25C 5,681.14,5649407.2,1552.0562680065457,4.3387,73313243.38624339,3173464.694717393,0.043286377032841335,870.9162680065457,-35,25
GTY027 25C 5 02 m-50.csv,219000000,1023.51,254.97,GTY027 25C 5,681.14,7538861.04,1528.2631432947585,5.8759999999999994,73313243.38624339,4180478.3656672547,0.05702214460275381,847.1231432947585,-50,25
GTY027 25C 5 03 m-25.csv,184000000,907.29,241.87,GTY027 25C 5,681.14,3637417.75,1244.8083333333334,3.4799999999999995,45938439.99328126,1647405.559754766,0.035861155929450536,563.6683333333334,-25,25
GTY027 25C 5 03 m-35.csv,184000000,907.29,241.87,GTY027 25C 5,681.14,4239289.5,1237.7673039215686,4.08,45938439.99328126,1907314.5208700763,0.04151892230448032,556.6273039215686,-35,25
GTY027 25C 5 03 m-50.csv,184000000,907.29,241.87,GTY027 25C 5,681.14,5515177.5,1226.9568971962617,5.35,45938439.99328126,2452440.077265474,0.05338535826693628,545.8168971962617,-50,25
GTY027 25C 5 04 m-25.csv,223000000,935.89,283.85,GTY027 25C 5,681.14,4749633.64,1312.2435343228199,4.312,60729644.326866545,2285477.8197698826,0.03763364408111306,631.1035343228199,-25,25
GTY027 25C 5 04 m-35.csv,223000000,935.89,283.85,GTY027 25C 5,681.14,5398461.31,1300.6155589246007,4.947,60729644.326866545,2573734.4335264964,0.04238019935822161,619.4755589246007,-35,25
GTY027 25C 5 04 m-50.csv,223000000,935.89,283.85,GTY027 25C 5,681.14,6987105.77,1314.7907872273156,6.3260000000000005,60729644.326866545,3366485.9998320304,0.05543398182463438,633.6507872273156,-50,25
GTY027 25C 5 05 m-25.csv,180000000,908.31,236.29,GTY027 25C 5,681.14,5455237.47,1280.2864726770565,5.069,45081044.17569496,2550662.1903082216,0.05657948339367411,599.1464726770565,-25,25
GTY027 25C 5 05 m-35.csv,180000000,908.31,236.29,GTY027 25C 5,681.14,6250289.06,1270.1255900409278,5.864,45081044.17569496,2900656.336608718,0.06434314886993192,588.9855900409278,-35,25
GTY027 25C 5 05 m-50.csv,180000000,908.31,236.29,GTY027 25C 5,681.14,7797619.94,1252.8227277635308,7.409,45081044.17569496,3557232.997396489,0.07890751118214648,571.6827277635308,-50,25
GTY027 25C 6 01 m-25.csv,154000000,936.25,195.41,GTY027 25C 6,678.12,4279707.88,1418.496727069975,3.5869999999999997,42362629.79759805,2230394.994541026,0.052650059856942336,740.3767270699749,-25,25
GTY027 25C 6 01 m-35.csv,154000000,936.25,195.41,GTY027 25C 6,678.12,4962779.92,1405.5644563407088,4.203,42362629.79759805,2567774.4604014438,0.0606141420556246,727.4444563407088,-35,25
GTY027 25C 6 01 m-50.csv,154000000,936.25,195.41,GTY027 25C 6,678.12,6292734.57,1381.1566642093621,5.426,42362629.79759805,3203726.3290501377,0.07562623813387025,703.0366642093621,-50,25
GTY027 25C 6 02 m-25.csv,154000000,911.16,200.91,GTY027 25C 6,678.12,4599136.03,1321.5887772303531,4.1406,39321463.340891905,2237630.653397161,0.05690608800588972,643.4687772303531,-25,25
GTY027 25C 6 02 m-35.csv,154000000,911.16,200.91,GTY027 25C 6,678.12,5388288.43,1315.1789137602652,4.8829,39321463.340891905,2612492.6261862763,0.06643935408857088,637.0589137602652,-35,25
GTY027 25C 6 02 m-50.csv,154000000,911.16,200.91,GTY027 25C 6,678.12,7028303.61,1299.1341981058843,6.441,39321463.340891905,3359328.504241203,0.08543243864344457,621.0141981058842,-50,25
GTY027 25C 6 03 m-25.csv,160000000,942.99,201.41,GTY027 25C 6,678.12,3979660,1412.231488095238,3.3600000000000003,44803448.97959183,2071566.8094398251,0.04623677097679317,734.1114880952381,-25,25
GTY027 25C 6 03 m-35.csv,160000000,942.99,201.41,GTY027 25C 6,678.12,4516379.31,1405.66168977243,3.823,44803448.97959183,2335930.024355421,0.052137281337859664,727.54168977243,-35,25
GTY027 25C 6 03 m-50.csv,160000000,942.99,201.41,GTY027 25C 6,678.12,5512393.8100000005,1382.9346679316889,4.743,44803448.97959183,2807538.397581255,0.06266344358578513,704.8146679316889,-50,25
GTY027 25C 6 04 m-25.csv,247000000,990.94,296.61,GTY027 25C 6,678.12,6276347.92,1580.7082525914955,4.727,77925203.82968003,3583215.478290081,0.045982754002438835,902.5882525914955,-25,25
GTY027 25C 6 04 m-35.csv,247000000,990.94,296.61,GTY027 25C 6,678.12,7025285,1579.6411289409102,5.297,77925203.82968003,4010546.2501049815,0.051466612251291295,901.5211289409102,-35,25
GTY027 25C 6 04 m-50.csv,247000000,990.94,296.61,GTY027 25C 6,678.12,8445590.38,1564.98553307393,6.425,77925203.82968003,4785513.605442177,0.06141162769239338,886.8655330739299,-50,25
GTY027 25C 6 05 m-25.csv,202000000,935.5,257.35,GTY027 25C 6,678.12,6518911.39,1410.708981818182,5.5,55628405.97967582,3383924.9181153956,0.06083088052804773,732.5889818181821,-25,25
GTY027 25C 6 05 m-35.csv,202000000,935.5,257.35,GTY027 25C 6,678.12,7540735.16,1403.9806259780908,6.390000000000001,55628405.97967582,3895397.1613336694,0.07002532416184776,725.8606259780908,-35,25
GTY027 25C 6 05 m-50.csv,202000000,935.5,257.35,GTY027 25C 6,678.12,9570072.59,1384.3681522003403,8.226,55628405.97967582,4879144.452842865,0.08770958590158938,706.2481522003403,-50,25
GTY027 25C 6 06 m-25.csv,180000000,936.38,229.34,GTY027 25C 6,678.12,5030131.58,1405.8071136294316,4.2621,49743300.91542789,2604749.514571261,0.052363825211354194,727.6871136294316,-25,25
GTY027 25C 6 06 m-35.csv,180000000,936.38,229.34,GTY027 25C 6,678.12,5765776.58,1392.7446381512266,4.933,49743300.91542789,2960647.803812884,0.05951852308407298,714.6246381512266,-35,25
GTY027 25C 6 06 m-50.csv,180000000,936.38,229.34,GTY027 25C 6,678.12,7162353.399999999,1375.744551023698,6.203,49743300.91542789,3634303.4265558063,0.07306116320536796,697.624551023698,-50,25
GTY027 25C 6 07 m-25.csv,229000000,921.01,295.71,GTY027 25C 6,678.12,5720530.79,1463.7939093058242,4.6530000000000005,60321661.12370873,3070244.9819433945,0.05089788518334867,785.6739093058242,-25,25
GTY027 25C 6 07 m-35.csv,229000000,921.01,295.71,GTY027 25C 6,678.12,6476089.32,1455.9723349679366,5.302,60321661.12370873,3463654.220206601,0.05741974202439945,777.8523349679366,-35,25
GTY027 25C 6 07 m-50.csv,229000000,921.01,295.71,GTY027 25C 6,678.12,8000120.72,1435.5513618559808,6.638,60321661.12370873,4222582.833627278,0.07000110333446438,757.4313618559808,-50,25
GTY027 25C 7 01 m-25.csv,190000000,948.21,238.94,GTY027 25C 7,676.31,5054880.88,1408.4632943925235,4.279999999999999,54562682.45569835,2631742.756361804,0.048233382926116626,732.1532943925235,-25,25
GTY027 25C 7 01 m-35.csv,190000000,948.21,238.94,GTY027 25C 7,676.31,5879770.75,1412.4048588709677,4.96,54562682.45569835,3066289.1576383635,0.056197551506526604,736.0948588709678,-35,25
GTY027 25C 7 01 m-50.csv,190000000,948.21,238.94,GTY027 25C 7,676.31,7537235.5,1401.48875,6.4,54562682.45569835,3897828.1683043586,0.07143761986902245,725.17875,-50,25
GTY027 25C 7 02 m-25.csv,216000000,970.37,265.42,GTY027 25C 7,676.31,4744696.649999999,1328.431410768869,4.253,65549177.122700945,2329278.8779709414,0.03553483018727732,652.121410768869,-25,25
GTY027 25C 7 02 m-35.csv,216000000,970.37,265.42,GTY027 25C 7,676.31,5556405.68,1327.4217966713452,4.987,65549177.122700945,2727046.7204165603,0.04160306566948697,651.1117966713452,-35,25
GTY027 25C 7 02 m-50.csv,216000000,970.37,265.42,GTY027 25C 7,676.31,7323920.24,1343.0901139688895,6.493,65549177.122700945,3636015.1843453427,0.0554700355359018,666.7801139688895,-50,25
GTY027 25C 7 03 m-25.csv,183000000,965.92,225.94,GTY027 25C 7,676.31,5153941.36,1347.7928411584028,4.558,54954634.58469808,2570436.541530192,0.04677379007167342,671.4828411584028,-25,25
GTY027 25C 7 03 m-35.csv,183000000,965.92,225.94,GTY027 25C 7,676.31,5892114.76,1353.8204537555512,5.179,54954634.58469808,2946860.367850844,0.053623509465958424,677.5104537555512,-35,25
GTY027 25C 7 03 m-50.csv,183000000,965.92,225.94,GTY027 25C 7,676.31,7616381.15,1384.7761509088132,6.547000000000001,54954634.58469808,3895463.080540859,0.07088506929360125,708.4661509088132,-50,25
GTY027 25C 7 04 m-25.csv,171000000,972.9,209.61,GTY027 25C 7,676.31,4955319.13,1647.338510234815,3.5858000000000003,52211497.35449736,2924258.0263710422,0.05600793263055411,971.028510234815,-25,25
GTY027 25C 7 04 m-35.csv,171000000,972.9,209.61,GTY027 25C 7,676.31,5530799.05,1639.725754141238,4.0145,52211497.35449736,3248200.676072898,0.062212363955371344,963.415754141238,-35,25
GTY027 25C 7 04 m-50.csv,171000000,972.9,209.61,GTY027 25C 7,676.31,6686915.86,1607.0446459552147,4.957,52211497.35449736,3874738.9266817835,0.07421236936327825,930.7346459552148,-50,25
GTY027 25C 7 05 m-25.csv,194000000,952.84,242.45,GTY027 25C 7,676.31,2669841.43,1282.9559021949644,2.4784,56306961.03132612,1262712.0214999581,0.02242550473994599,606.6459021949645,-25,25
GTY027 25C 7 05 m-35.csv,194000000,952.84,242.45,GTY027 25C 7,676.31,3353288.14,1280.3795728989642,3.1187,56306961.03132612,1582188.441253044,0.02809933997987923,604.0695728989642,-35,25
GTY027 25C 7 05 m-50.csv,194000000,952.84,242.45,GTY027 25C 7,676.31,4685367.25,1280.5318947802953,4.3604,56306961.03132612,2212689.3004115224,0.03929690503418401,604.2218947802953,-50,25
GTY027 25C 7 06 m-25.csv,157000000,922.44,202.99,GTY027 25C 7,676.31,4366707.95,1366.309416710457,3.806,41960131.60325861,2205541.093474427,0.05256277826600394,689.9994167104571,-25,25
GTY027 25C 7 06 m-35.csv,157000000,922.44,202.99,GTY027 25C 7,676.31,4976218,1358.885711335475,4.3580000000000005,41960131.60325861,2498248.887209205,0.05953863326337117,682.575711335475,-35,25
GTY027 25C 7 06 m-50.csv,157000000,922.44,202.99,GTY027 25C 7,676.31,6231926.5,1353.59166909621,5.4879999999999995,41960131.60325861,3121627.446040144,0.07439508234997337,677.28166909621,-50,25
GTY027 25C 7 07 m-25.csv,201000000,933.64,256.9,GTY027 25C 7,676.31,3987700.27,1358.2784148783976,3.495,55520346.854791306,2001746.5440497184,0.03605428743601178,681.9684148783977,-25,25
GTY027 25C 7 07 m-35.csv,201000000,933.64,256.9,GTY027 25C 7,676.31,4628204.13,1348.124743150685,4.088,55520346.854791306,2306524.456202234,0.041543768849909214,671.814743150685,-35,25
GTY027 25C 7 07 m-50.csv,201000000,933.64,256.9,GTY027 25C 7,676.31,6027549.04,1333.2686024902432,5.381,55520346.854791306,2968921.0044511626,0.0534744678778056,656.9586024902433,-50,25
GTY027 25C 8 01 m-25.csv,222000000,1105.81,239.22,GTY027 25C 8,685.81,483106.82999999996,1816.2432996526682,0.3167,84380952.38095237,300670.38380784413,0.003563249469506054,1130.4332996526682,-25,25
GTY027 25C 8 01 m-35.csv,222000000,1105.81,239.22,GTY027 25C 8,685.81,812193.86,1731.857512090274,0.5583,84380952.38095237,490474.7845804989,0.005812624422229389,1046.047512090274,-35,25
GTY027 25C 8 01 m-50.csv,222000000,1105.81,239.22,GTY027 25C 8,685.81,1845740.44,1648.3863158683757,1.3341,84380952.38095237,1078502.6144284876,0.012781351525394042,962.5763158683758,-50,25
GTY027 25C 8 02 m-25.csv,98005864,997.21,117.02,GTY027 25C 8,685.81,3007550,1472.85,2.43,30603869.992441427,1606204.081632653,0.052483691834704395,787.04,-25,25
GTY027 25C 8 02 m-35.csv,98005864,997.21,117.02,GTY027 25C 8,685.81,3456740,1467.21,2.81,30603869.992441427,1844069.8748635259,0.060256100791140986,781.4000000000001,-35,25
GTY027 25C 8 02 m-50.csv,98005864,997.21,117.02,GTY027 25C 8,685.81,4353565,1444.93,3.59,30603869.992441427,2288771.9828672213,0.07478701168945315,759.1200000000001,-50,25
GTY027 25C 8 03 m-25.csv,267000000,984.72,322.79,GTY027 25C 8,685.81,5634009.09,1349.7941666331094,4.9666,81032299.40371212,2769584.0782732856,0.034178766968895984,663.9841666331095,-25,25
GTY027 25C 8 03 m-35.csv,267000000,984.72,322.79,GTY027 25C 8,685.81,6699437.12,1347.7485207070622,5.9231,81032299.40371212,3292792.518686487,0.040635555734157565,661.9385207070623,-35,25
GTY027 25C 8 03 m-50.csv,267000000,984.72,322.79,GTY027 25C 8,685.81,8619923.47,1338.548271137787,7.664,81032299.40371212,4201382.47249517,0.05184824450758092,652.738271137787,-50,25
GTY027 25C 8 04 m-25.csv,168000000,986.08,203.34,GTY027 25C 8,685.81,4002460.53,1366.8447186631124,3.4887,51278157.21844295,1995402.5556395403,0.03891330468720246,681.0347186631125,-25,25
GTY027 25C 8 04 m-35.csv,168000000,986.08,203.34,GTY027 25C 8,685.81,4475498.8,1361.5778761514841,3.908,51278157.21844295,2217939.7497270512,0.04325310951169159,675.7678761514842,-35,25
GTY027 25C 8 04 m-50.csv,168000000,986.08,203.34,GTY027 25C 8,685.81,5333977.76,1354.5294811018578,4.683,51278157.21844295,2630060.7457797932,0.05129007921590936,668.7194811018578,-50,25
GTY027 25C 8 05 m-25.csv,212000000,995.46,253.57,GTY027 25C 8,685.81,6224859.72,1353.2587039065352,5.478,65942681.195935175,3070701.2681615856,0.046566218001321866,667.4487039065352,-25,25
GTY027 25C 8 05 m-35.csv,212000000,995.46,253.57,GTY027 25C 8,685.81,6973964.75,1349.3769005847953,6.156,65942681.195935175,3430686.0166288735,0.052025273380002436,663.5669005847953,-35,25
GTY027 25C 8 05 m-50.csv,212000000,995.46,253.57,GTY027 25C 8,685.81,8661603.26,1345.2242434510622,7.673,65942681.195935175,4249336.936255984,0.06443985684521909,659.4142434510622,-50,25
GTY027 25C 9 01 m-25.csv,184000000,977.73,223.92,GTY027 25C 9,681.68,3692197.82,1408.157420367878,3.1206,55674406.65154951,1903960.2233980016,0.03419812330132864,726.4774203678782,-25,25
GTY027 25C 9 01 m-35.csv,184000000,977.73,223.92,GTY027 25C 9,681.68,4283370.36,1407.082553837659,3.622,55674406.65154951,2206607.919711095,0.03963415243060666,725.402553837659,-35,25
GTY027 25C 9 01 m-50.csv,184000000,977.73,223.92,GTY027 25C 9,681.68,5480083.69,1393.6286311559509,4.6784,55674406.65154951,2797329.7018560516,0.050244445699507014,711.9486311559509,-50,25
GTY027 25C 9 02 m-25.csv,181000000,942.61,229.07,GTY027 25C 9,681.68,3222020.22,1448.0738047786206,2.6493,50198400.18476527,1705221.3882590071,0.033969636123513856,766.3938047786206,-25,25
GTY027 25C 9 02 m-35.csv,181000000,942.61,229.07,GTY027 25C 9,681.68,3808003.29,1441.9031985761505,3.1464000000000003,50198400.18476527,2008874.0001679687,0.04001868571057853,760.2231985761506,-35,25
GTY027 25C 9 02 m-50.csv,181000000,942.61,229.07,GTY027 25C 9,681.68,5086353.4399999995,1417.9534932147872,4.274,50198400.18476527,2642842.789955489,0.05264794854473402,736.2734932147872,-50,25
GTY027 25C 9 03 m-25.csv,179000000,936.71,228.17,GTY027 25C 9,681.68,2420058.87,1216.6766638513513,2.368,48870576.215671465,1063972.5371630134,0.021771229634526518,534.9966638513514,-25,25
GTY027 25C 9 03 m-35.csv,179000000,936.71,228.17,GTY027 25C 9,681.68,2866401.4,1214.5429359430605,2.81,48870576.215671465,1257533.2577475435,0.025731909773232566,532.8629359430605,-35,25
GTY027 25C 9 03 m-50.csv,179000000,936.71,228.17,GTY027 25C 9,681.68,3709961.91,1217.9457832322119,3.626,48870576.215671465,1633072.7555219622,0.033416277891118465,536.2657832322119,-50,25
GTY027 25C 9 04 m-25.csv,225000000,940.99,284.8,GTY027 25C 9,681.68,7776059,1409.219391171994,6.57,62023589.4851768,4014389.686738894,0.06472359500732064,727.539391171994,-25,25
GTY027 25C 9 04 m-35.csv,225000000,940.99,284.8,GTY027 25C 9,681.68,8649071.32,1398.6192119565217,7.36,62023589.4851768,4431571.848492484,0.0714497804025289,716.9392119565217,-35,25
GTY027 25C 9 04 m-50.csv,225000000,940.99,284.8,GTY027 25C 9,681.68,10439873.75,1377.904934086629,9.027,62023589.4851768,5278258.570588729,0.08510082396714876,696.2249340866291,-50,25
GTY027 25C 9 05 m-25.csv,201000000,984.17,243.55,GTY027 25C 9,681.68,3915053.77,1705.2007704154598,2.7271,61872377.173091464,2344203.823801126,0.03788772843240019,1023.5207704154599,-25,25
GTY027 25C 9 05 m-35.csv,201000000,984.17,243.55,GTY027 25C 9,681.68,4727015.16,1690.4704362194316,3.3286000000000002,61872377.173091464,2820072.097085748,0.04557885482881056,1008.7904362194316,-35,25
GTY027 25C 9 05 m-50.csv,201000000,984.17,243.55,GTY027 25C 9,681.68,6263417.75,1660.6097550111356,4.49,61872377.173091464,3691437.473754933,0.05966212456049537,978.9297550111356,-50,25
GTY027 25C 9 06 m-25.csv,168000000,932.55,214.79,GTY027 25C 9,681.68,3789302.08,1529.0365264586162,2.948,45254360.712186106,2097931.502477535,0.04635865957360886,847.3565264586163,-25,25
GTY027 25C 9 06 m-35.csv,168000000,932.55,214.79,GTY027 25C 9,681.68,4314762.81,1508.6856273875992,3.403,45254360.712186106,2363567.7752582515,0.05222850876825643,827.0056273875992,-35,25
GTY027 25C 9 06 m-50.csv,168000000,932.55,214.79,GTY027 25C 9,681.68,5251331.58,1472.2368705882354,4.25,45254360.712186106,2821757.537582935,0.06235327365530746,790.5568705882355,-50,25
GTY027 36C 13 01 m-25.csv,156000000,780.22,237.84,GTY027 36C 13,652.34,2843185.49,983.4668250834662,3.4445,25543780.297304105,957895.6487780293,0.03750015219474487,331.1268250834662,-25,36
GTY027 36C 13 01 m-35.csv,156000000,780.22,237.84,GTY027 36C 13,652.34,3473185.31,981.1330817565324,4.2174000000000005,25543780.297304105,1164568.6932056772,0.04559108634866336,328.7930817565324,-35,36
GTY027 36C 13 01 m-50.csv,156000000,780.22,237.84,GTY027 36C 13,652.34,4918561.03,971.4645060644222,6.0352,25543780.297304105,1617519.2903334172,0.06332341068969069,319.1245060644221,-50,36
GTY027 36C 13 02 m-25.csv,209000000,770.27,323.81,GTY027 36C 13,652.34,6773468.52,944.3252746224307,8.5481,32070977.82816829,2096178.1523473582,0.06536059372989438,291.98527462243067,-25,36
GTY027 36C 13 02 m-35.csv,209000000,770.27,323.81,GTY027 36C 13,652.34,7796656.1,936.5355047676707,9.9105,32070977.82816829,2365431.7208364825,0.07375614593075792,284.1955047676706,-35,36
GTY027 36C 13 02 m-50.csv,209000000,770.27,323.81,GTY027 36C 13,652.34,10179709.34,922.1262684647525,13.139899999999999,32070977.82816829,2977210.539178634,0.09283192284095926,269.7862684647524,-50,36
GTY027 36C 13 03 m-25.csv,191000000,814.74,279.15,GTY027 36C 13,652.34,12377242.63,1030.5889769731552,14.3007,38073368.60670193,4542895.057529185,0.11931949348788418,378.2489769731552,-25,36
GTY027 36C 13 03 m-35.csv,191000000,814.74,279.15,GTY027 36C 13,652.34,14394815.99,1016.5377079588798,16.8579,38073368.60670193,5156301.789703535,0.1354306692157491,364.19770795887973,-35,36
GTY027 36C 13 03 m-50.csv,191000000,814.74,279.15,GTY027 36C 13,652.34,19217202.03,984.3441492383165,23.238,38073368.60670193,6479476.291257242,0.17018395083950308,332.0041492383165,-50,36
GTY027 36C 13 05 m-25.csv,148000000,782.29,224.74,GTY027 36C 13,652.34,2764953.97,1016.894778804835,3.2347,24527557.73914503,990363.0998572267,0.040377566751240206,364.554778804835,-25,36
GTY027 36C 13 05 m-35.csv,148000000,782.29,224.74,GTY027 36C 13,652.34,3345840.51,1010.849210299559,3.9458,24527557.73914503,1188045.3867472913,0.04843716603921054,358.50921029955896,-35,36
GTY027 36C 13 05 m-50.csv,148000000,782.29,224.74,GTY027 36C 13,652.34,4478579.38,988.8699814759929,5.3984000000000005,24527557.73914503,1525760.856638952,0.06220598368845737,336.5299814759928,-50,36
GTY027 36C 14 01 m-25.csv,183000000,763.28,285.88,GTY027 36C 14,664.04,5181936.56,852.4358872951385,7.2366,23826934.74426808,1144995.1104392372,0.04805465422759353,188.39588729513855,-25,36
GTY027 36C 14 01 m-35.csv,183000000,763.28,285.88,GTY027 36C 14,664.04,5808478.15,850.1894064891827,8.1397,23826934.74426808,1272529.0367011006,0.05340716505748715,186.14940648918275,-35,36
GTY027 36C 14 01 m-50.csv,183000000,763.28,285.88,GTY027 36C 14,664.04,7246804.73,843.0454749269455,10.232099999999999,23826934.74426808,1538256.420592928,0.06455955988896048,179.00547492694557,-50,36
GTY027 36C 14 02 m-25.csv,147000000,792.55,221.34,GTY027 36C 14,664.04,2090987.52,896.2588114857328,2.7791,23888807.76014109,541999.9151759471,0.02268844559418674,232.21881148573289,-25,36
GTY027 36C 14 02 m-35.csv,147000000,792.55,221.34,GTY027 36C 14,664.04,2435268.48,895.3118952834271,3.2354,23888807.76014109,628417.8130511466,0.026305951278978147,231.27189528342717,-35,36
GTY027 36C 14 02 m-50.csv,147000000,792.55,221.34,GTY027 36C 14,664.04,3210046.1,890.4462364488377,4.2893,23888807.76014109,815591.0556815314,0.034141136881781095,226.40623644883772,-50,36
GTY027 36C 14 03 m-25.csv,198000000,769.46,305.93,GTY027 36C 14,664.04,5331989.79,877.652972674274,7.2386,27085865.961199313,1298613.3064583857,0.04794431561902647,213.61297267427403,-25,36
GTY027 36C 14 03 m-35.csv,198000000,769.46,305.93,GTY027 36C 14,664.04,6094703.97,876.9236533098311,8.2829,27085865.961199313,1480888.5630301507,0.054673849643630874,212.88365330983117,-35,36
GTY027 36C 14 03 m-50.csv,198000000,769.46,305.93,GTY027 36C 14,664.04,7712954.26,869.0441654049963,10.568,27085865.961199313,1819504.5099521298,0.06717542324689128,205.00416540499634,-50,36
GTY027 36C 14 04 m-25.csv,138000000,772.14,213.04,GTY027 36C 14,664.04,1827554.4,896.2987551525146,2.426,19341248.005374994,473217.21676324884,0.024466736408722968,232.2587551525146,-25,36
GTY027 36C 14 04 m-35.csv,138000000,772.14,213.04,GTY027 36C 14,664.04,2206273.75,891.4199999999998,2.95,19341248.005374994,563341.7317544299,0.02912644166487475,227.37999999999988,-35,36
GTY027 36C 14 04 m-50.csv,138000000,772.14,213.04,GTY027 36C 14,664.04,2960089.5,890.25,3.96,19341248.005374994,752323.5071806501,0.038897361068508975,226.21000000000004,-50,36
GTY027 36C 14 05 m-25.csv,144000000,783.19,218.44,GTY027 36C 14,664.04,1617675.8900000001,894.7528922547973,2.1523,21858676.408835154,417034.8181741835,0.019078685752702773,230.71289225479734,-25,36
GTY027 36C 14 05 m-35.csv,144000000,783.19,218.44,GTY027 36C 14,664.04,2105698.05,893.759007908236,2.8072,21858676.408835154,541586.6288737718,0.024776734818896237,229.719007908236,-35,36
GTY027 36C 14 05 m-50.csv,144000000,783.19,218.44,GTY027 36C 14,664.04,3153023.32,891.4501403233849,4.2116999999999996,21858676.408835154,804386.7372134039,0.03679942564538241,227.4101403233849,-50,36
GTY027 36C 15 01 m-25.csv,149000000,730.96,242.75,GTY027 36C 15,657.63,1009842.2,942.8783998431987,1.2755,14949909.716973217,305563.39464180736,0.020439146484937585,285.24839984319874,-25,36
GTY027 36C 15 01 m-35.csv,149000000,730.96,242.75,GTY027 36C 15,657.63,1460847.19,939.4423974082072,1.852,14949909.716973217,438327.50482909183,0.02931974260228752,281.8123974082072,-35,36
GTY027 36C 15 01 m-50.csv,149000000,730.96,242.75,GTY027 36C 15,657.63,2425318.13,931.0352607855763,3.106,14949909.716973217,713191.1816578482,0.047705383855805784,273.4052607855763,-50,36
GTY027 36C 15 02 m-25.csv,284000000,755.78,447.46,GTY027 36C 15,657.63,5468262.7700000005,998.0623862225424,6.5237,36884352.90165448,1865187.5014697234,0.050568529870726256,340.4323862225424,-25,36
GTY027 36C 15 02 m-35.csv,284000000,755.78,447.46,GTY027 36C 15,657.63,6539361.81,992.478621489964,7.8418,36884352.90165448,2205270.7818930037,0.059788788697824335,334.848621489964,-35,36
GTY027 36C 15 02 m-50.csv,284000000,755.78,447.46,GTY027 36C 15,657.63,8904528.129999999,977.9904445736543,10.835099999999999,36884352.90165448,2915207.4015285135,0.0790364252641599,320.36044457365426,-50,36
GTY027 36C 15 03 m-25.csv,128000000,742.58,205.74,GTY027 36C 15,657.63,2958671.11,957.4953887108165,3.6814,14678435.374149667,927122.2323003275,0.06316219737786845,299.86538871081655,-25,36
GTY027 36C 15 03 m-35.csv,128000000,742.58,205.74,GTY027 36C 15,657.63,3569711.05,951.9214867890729,4.466,14678435.374149667,1103809.3390442594,0.07519938678124977,294.2914867890729,-35,36
GTY027 36C 15 03 m-50.csv,128000000,742.58,205.74,GTY027 36C 15,657.63,4859624,942.15,6.14,14678435.374149667,1467164.5250692868,0.09995374082261685,284.52,-50,36
GTY027 36C 15 04 m-25.csv,163000000,748.36,260.07,GTY027 36C 15,657.63,9544381.09,975.1073890704475,11.6583,19817041.3202318,3108462.7907953295,0.15685806678022154,317.47738907044754,-25,36
GTY027 36C 15 04 m-35.csv,163000000,748.36,260.07,GTY027 36C 15,657.63,10895833.129999999,964.8353977695168,13.45,19817041.3202318,3470154.1950113387,0.17510960081960147,307.2053977695168,-35,36
GTY027 36C 15 04 m-50.csv,163000000,748.36,260.07,GTY027 36C 15,657.63,14362039.97,929.7626599817289,18.389599999999998,19817041.3202318,4202914.893759974,0.2120858924318382,272.1326599817289,-50,36
GTY027 36C 15 05 m-25.csv,274000000,759.19,429.21,GTY027 36C 15,657.63,9123666.71,1020.7924967099079,10.638,36609194.255479984,3244581.036365164,0.08862749105382145,363.16249670990794,-25,36
GTY027 36C 15 05 m-35.csv,274000000,759.19,429.21,GTY027 36C 15,657.63,10457954.69,1011.7089581470947,12.305,36609194.255479984,3659143.0083144363,0.09995147619963539,354.0789581470947,-35,36
GTY027 36C 15 05 m-50.csv,274000000,759.19,429.21,GTY027 36C 15,657.63,13737676.28,982.5277187796642,16.6446,36609194.255479984,4541691.920718904,0.1240587784867476,324.89771877966416,-50,36
GTY027 36C 16 02 m-25.csv,225000000,763.63,351.37,GTY027 36C 16,652.89,4437348.93,904.8216675244468,5.829,32678855.967078194,1233316.276140086,0.03774049732287358,251.93166752444677,-25,36
GTY027 36C 16 02 m-35.csv,225000000,763.63,351.37,GTY027 36C 16,652.89,5187380.01,905.4879264361078,6.824,32678855.967078194,1447659.5700008397,0.04429957925881071,252.59792643610785,-35,36
GTY027 36C 16 02 m-50.csv,225000000,763.63,351.37,GTY027 36C 16,652.89,6927719.88,902.5134209949596,9.126,32678855.967078194,1913213.5214579666,0.058545914929990325,249.6234209949596,-50,36
GTY027 36C 16 03 m-25.csv,139000000,745.73,222.47,GTY027 36C 16,652.89,1512632.78,907.3993912517637,1.9844,17346195.347274717,424160.94398253126,0.02445267884344285,254.50939125176376,-25,36
GTY027 36C 16 03 m-35.csv,139000000,745.73,222.47,GTY027 36C 16,652.89,1862196.0599999998,905.2840485813431,2.4495,17346195.347274717,519223.3324934912,0.029932980812133365,252.3940485813431,-35,36
GTY027 36C 16 03 m-50.csv,139000000,745.73,222.47,GTY027 36C 16,652.89,2581234.84,888.2482947976878,3.46,17346195.347274717,683916.7716469301,0.0394274800874061,235.3582947976878,-50,36
GTY027 36C 16 04 m-25.csv,185000000,751.53,293.46,GTY027 36C 16,652.89,3206555.9,872.7620398783528,4.3732999999999995,24310820.861677997,807563.9472579156,0.03321829204586453,219.87203987835278,-25,36
GTY027 36C 16 04 m-35.csv,185000000,751.53,293.46,GTY027 36C 16,652.89,3907161.75,873.1103120426316,5.3294,24310820.861677997,985674.0833123378,0.04054466481903499,220.22031204263158,-35,36
GTY027 36C 16 04 m-50.csv,185000000,751.53,293.46,GTY027 36C 16,652.89,5584048.91,870.4683746286042,7.6401,24310820.861677997,1396086.7892836141,0.05742655903011136,217.57837462860425,-50,36
GTY027 36C 17 01 m-25.csv,245000000,883.42,330.59,GTY027 36C 17,638.38,4246089.83,1254.3750362336825,4.0294,68033739.48097757,2084564.0371210214,0.03064015079905863,615.9950362336825,-25,36
GTY027 36C 17 01 m-35.csv,245000000,883.42,330.59,GTY027 36C 17,638.38,4814597.5200000005,1241.7885233604336,4.6125,68033739.48097757,2337466.8799865623,0.0343574658370811,603.4085233604336,-35,36
GTY027 36C 17 01 m-50.csv,245000000,883.42,330.59,GTY027 36C 17,638.38,6005465.27,1221.3852932138284,5.8575,68033739.48097757,2868021.7561098514,0.042155874099964165,583.0052932138284,-50,36
GTY027 36C 17 02 m-25.csv,145000000,882.68,195.59,GTY027 36C 17,638.38,9475799.82,1237.856791044776,9.112,40129870.6643151,4587580.851599898,0.11431835626819843,599.476791044776,-25,36
GTY027 36C 17 02 m-35.csv,145000000,882.68,195.59,GTY027 36C 17,638.38,10673343.19,1223.1665838868034,10.389,40129870.6643151,5102332.930209121,0.1271455114542967,584.7865838868034,-35,36
GTY027 36C 17 02 m-50.csv,145000000,882.68,195.59,GTY027 36C 17,638.38,13162781,1192.5,13.14,40129870.6643151,6115005.291005291,0.1523803887173494,554.12,-50,36
GTY027 36C 17 03 m-25.csv,331000000,874.21,451.08,GTY027 36C 17,638.38,16538486.4,1170.5764258102884,16.815,89340888.88888891,7515648.6940455185,0.08412328092451092,532.1964258102884,-25,36
GTY027 36C 17 03 m-35.csv,331000000,874.21,451.08,GTY027 36C 17,638.38,18420113.66,1156.8703021036538,18.967000000000002,89340888.88888891,8259179.944570423,0.09244568805266941,518.4903021036538,-35,36
GTY027 36C 17 03 m-50.csv,331000000,874.21,451.08,GTY027 36C 17,638.38,22732783.46,1129.8475078167723,23.954900000000002,89340888.88888891,9887507.351137986,0.11067169214574123,491.46750781677235,-50,36
GTY027 36C 17 04 m-25.csv,187000000,892.13,250.1,GTY027 36C 17,638.38,4224711.2299999995,1312.479881020717,3.8326000000000002,53298794.8265726,2169778.453010834,0.0407097094797549,674.0998810207169,-25,36
GTY027 36C 17 04 m-35.csv,187000000,892.13,250.1,GTY027 36C 17,638.38,5045646.33,1302.4593583907747,4.6134,53298794.8265726,2572993.795246494,0.04827489633900136,664.0793583907747,-35,36
GTY027 36C 17 04 m-50.csv,187000000,892.13,250.1,GTY027 36C 17,638.38,6629002.16,1290.9216582257802,6.1209999999999996,53298794.8265726,3354503.6449147565,0.06293770160901159,652.5416582257802,-50,36
GTY027 36C 17 05 m-25.csv,211000000,873.59,288.2,GTY027 36C 17,638.38,11815959.71,1239.9985194951803,11.3387,56930815.4866885,5729043.341731755,0.10063167535464713,601.6185194951803,-25,36
GTY027 36C 17 05 m-35.csv,211000000,873.59,288.2,GTY027 36C 17,638.38,13548153.07,1230.8709079810774,13.106,56930815.4866885,6521530.057949105,0.11455184687234916,592.4909079810774,-35,36
GTY027 36C 17 05 m-50.csv,211000000,873.59,288.2,GTY027 36C 17,638.38,16958754.54,1210.996538168557,16.6721,56930815.4866885,8017737.621567145,0.1408330014777646,572.616538168557,-50,36
GTY027 36C 3 01 m-25.csv,264000000,889.27,354.14,GTY027 36C 3,663.25,11177679.92,1105.8369575115069,12.0362,67223249.18115392,4473893.623918701,0.06655277271502312,442.58695751150685,-25,36
GTY027 36C 3 01 m-35.csv,264000000,889.27,354.14,GTY027 36C 3,663.25,13139567.35,1100.192604994724,14.215,67223249.18115392,5216376.190476191,0.07759779918431264,436.942604994724,-35,36
GTY027 36C 3 01 m-50.csv,264000000,889.27,354.14,GTY027 36C 3,663.25,17361273.87,1092.795704198927,18.9215,67223249.18115392,6825941.918199377,0.10154138637072951,429.54570419892707,-50,36
GTY027 36C 3 02 m-25.csv,244000000,821.61,352.97,GTY027 36C 3,663.25,12660324.75,991.641458926774,15.2009,46944091.03888469,4192362.247417485,0.08930543023923651,328.391458926774,-25,36
GTY027 36C 3 02 m-35.csv,244000000,821.61,352.97,GTY027 36C 3,663.25,14702349.67,980.2233489564958,17.8581,46944091.03888469,4753961.336188794,0.10126857781208282,316.9733489564958,-35,36
GTY027 36C 3 02 m-50.csv,244000000,821.61,352.97,GTY027 36C 3,663.25,19663722.65,947.3274686074792,24.7113,46944091.03888469,5895627.40404804,0.12558827476635084,284.0774686074792,-50,36
GTY027 36C 3 03 m-25.csv,134000000,803.83,198.59,GTY027 36C 3,663.25,975602.83,999.5904819277109,1.162,23446529.100529104,328233.5097001764,0.01399923665856237,336.3404819277109,-25,36
GTY027 36C 3 03 m-35.csv,134000000,803.83,198.59,GTY027 36C 3,663.25,1216146.13,1000.94,1.45,23446529.100529104,411229.1089275216,0.0175390185542747,337.69000000000005,-35,36
GTY027 36C 3 03 m-50.csv,134000000,803.83,198.59,GTY027 36C 3,663.25,1728032.0399999998,994.8420676347146,2.0729,23446529.100529104,577271.5184345342,0.02462076650916776,331.59206763471457,-50,36
GTY027 36C 3 04 m-25.csv,182000000,818.92,264.6,GTY027 36C 3,663.25,7948647.45,999.5783472052052,9.467600000000001,34593333.33333332,2674243.9405391794,0.07730518232431625,336.3283472052052,-25,36
GTY027 36C 3 04 m-35.csv,182000000,818.92,264.6,GTY027 36C 3,663.25,9431183.16,975.5066340124711,11.5146,34593333.33333332,3019660.9036701093,0.08729025545394423,312.25663401247107,-35,36
GTY027 36C 3 04 m-50.csv,182000000,818.92,264.6,GTY027 36C 3,663.25,13039893.61,934.828861920757,16.6122,34593333.33333332,3788966.465104561,0.10952880511961541,271.57886192075705,-50,36
GTY027 36C 3 05 m-25.csv,277000000,854.97,385.62,GTY027 36C 3,663.25,15086384.19,1073.533073447408,16.7317,62090422.776518025,5765292.097085745,0.09285316219921312,410.283073447408,-25,36
GTY027 36C 3 05 m-35.csv,277000000,854.97,385.62,GTY027 36C 3,663.25,17598898.95,1059.8507650947643,19.7701,62090422.776518025,6585064.908037288,0.10605604880061621,396.60076509476426,-35,36
GTY027 36C 3 05 m-50.csv,277000000,854.97,385.62,GTY027 36C 3,663.25,23269262.46,1041.4571207651402,26.6095,62090422.776518025,8452089.006466782,0.1361254864842582,378.2071207651402,-50,36
GTY027 36C 4 01 m-25.csv,199000000,914.15,258.62,GTY027 36C 4,650.61,9385993.76,1415.045037374889,7.893000000000001,57240879.1467204,5067343.369446544,0.08852665166895635,764.435037374889,-25,36
GTY027 36C 4 01 m-35.csv,199000000,914.15,258.62,GTY027 36C 4,650.61,10741986.5,1387.5075211450878,9.222,57240879.1467204,5707288.939279415,0.09970652135950661,736.8975211450878,-35,36
GTY027 36C 4 01 m-50.csv,199000000,914.15,258.62,GTY027 36C 4,650.61,13867149.59,1335.304387600786,12.3653,57240879.1467204,7110482.498530274,0.12422035797711306,684.694387600786,-50,36
GTY027 36C 4 02 m-25.csv,261000000,878.41,354.09,GTY027 36C 4,650.61,14234153.74,1339.937714941074,12.643,67743093.97833204,7319367.011001931,0.10804595097683412,689.3277149410741,-25,36
GTY027 36C 4 02 m-35.csv,261000000,878.41,354.09,GTY027 36C 4,650.61,16191158.7,1313.257180796731,14.685,67743093.97833204,8172481.607457794,0.12063933203393105,662.647180796731,-35,36
GTY027 36C 4 02 m-50.csv,261000000,878.41,354.09,GTY027 36C 4,650.61,20737838.52,1263.501748585229,19.5438,67743093.97833204,10059825.107919712,0.14849964058531775,612.891748585229,-50,36
GTY027 36C 4 03 m-25.csv,156000000,880.09,210.74,GTY027 36C 4,650.61,4504329.26,1525.9557441609365,3.5194,40615281.095154114,2587294.7106743935,0.06370249425611112,875.3457441609365,-25,36
GTY027 36C 4 03 m-35.csv,156000000,880.09,210.74,GTY027 36C 4,650.61,5178570.04,1490.7641294109123,4.1403,40615281.095154114,2921382.4993701186,0.07192816153422299,840.1541294109123,-35,36
GTY027 36C 4 03 m-50.csv,156000000,880.09,210.74,GTY027 36C 4,650.61,6824761.27,1406.1510338264557,5.7795,40615281.095154114,3667296.048542874,0.09029350406195824,755.5410338264556,-50,36
GTY027 36C 4 04 m-25.csv,172000000,867.17,236.67,GTY027 36C 4,650.61,5122944.65,1411.2763046851478,4.3179,43044641.97530863,2758445.4833291336,0.06408336454305834,760.6663046851478,-25,36
GTY027 36C 4 04 m-35.csv,172000000,867.17,236.67,GTY027 36C 4,650.61,5893069.69,1396.4528869676083,5.0198,43044641.97530863,3144353.84563702,0.07304866997013687,745.8428869676083,-35,36
GTY027 36C 4 04 m-50.csv,172000000,867.17,236.67,GTY027 36C 4,650.61,7465436.37,1369.5543369650647,6.4891,43044641.97530863,3918116.8195179314,0.09102449549389796,718.9443369650647,-50,36
GTY027 36C 4 05 m-25.csv,196000000,894.43,261,GTY027 36C 4,650.61,5915573.41,1521.7139256377002,4.6259999999999994,53445049.130763404,3384334.22356597,0.06332362451918713,871.1039256377002,-25,36
GTY027 36C 4 05 m-35.csv,196000000,894.43,261,GTY027 36C 4,650.61,6828248.4399999995,1502.189482917821,5.415,53445049.130763404,3872766.3559250864,0.07246258388592051,851.5794829178209,-35,36
GTY027 36C 4 05 m-50.csv,196000000,894.43,261,GTY027 36C 4,650.61,8801039.9,1432.203361683508,7.3133,53445049.130763404,4800559.949609473,0.08982235076375357,781.5933616835081,-50,36
GTY027 36C 4 06 m-25.csv,212000000,914.44,275.68,GTY027 36C 4,650.61,6634939.4,1562.7167898794228,5.059,61083945.91416815,3875323.96909381,0.06344259381244305,912.1067898794228,-25,36
GTY027 36C 4 06 m-35.csv,212000000,914.44,275.68,GTY027 36C 4,650.61,7420685.4399999995,1531.3067611350075,5.7656,61083945.91416815,4264504.27983539,0.06981383104863004,880.6967611350075,-35,36
GTY027 36C 4 06 m-50.csv,212000000,914.44,275.68,GTY027 36C 4,650.61,8992642.52,1467.2542381865496,7.301,61083945.91416815,5007407.057193247,0.08197582821891343,816.6442381865496,-50,36
GTY027 36C 4 07 m-25.csv,129000000,925.26,166.46,GTY027 36C 4,650.61,10340095.04,1398.4523069326037,8.8091,38396102.292768955,5532726.686822877,0.14409605028750125,747.8423069326037,-25,36
GTY027 36C 4 07 m-35.csv,129000000,925.26,166.46,GTY027 36C 4,650.61,12337296.75,1367.9184870608176,10.7387,38396102.292768955,6469270.723104058,0.16848769371891167,717.3084870608176,-35,36
GTY027 36C 4 07 m-50.csv,129000000,925.26,166.46,GTY027 36C 4,650.61,16644103.09,1314.6994975414568,15.0699,38396102.292768955,8404940.219198791,0.21890087059127544,664.0894975414568,-50,36
GTY027 36C 4 08 m-25.csv,142000000,929.14,182.53,GTY027 36C 4,650.61,10485060.33,1412.5295773978032,8.831,42697640.79952969,5650887.535063408,0.13234659876396854,761.9195773978032,-25,36
GTY027 36C 4 08 m-35.csv,142000000,929.14,182.53,GTY027 36C 4,650.61,12427897.68,1383.4839137750525,10.6976,42697640.79952969,6584355.404383977,0.15420888089106094,732.8739137750525,-35,36
GTY027 36C 4 08 m-50.csv,142000000,929.14,182.53,GTY027 36C 4,650.61,16586422.25,1325.851154385847,14.8945,42697640.79952969,8446610.711346265,0.1978238271056724,675.2411543858469,-50,36
GTY027 36C 6 01 m-25.csv,169000000,938.99,214.27,GTY027 36C 6,636.74,11632925.06,1171.8399003198565,11.8178,54390784.8324515,5310912.574116066,0.09764360985920881,535.0999003198565,-25,36
GTY027 36C 6 01 m-35.csv,169000000,938.99,214.27,GTY027 36C 6,636.74,13451670.88,1166.7633916083914,13.728000000000002,54390784.8324515,6110826.50541698,0.11235040134539558,530.0233916083914,-35,36
GTY027 36C 6 01 m-50.csv,169000000,938.99,214.27,GTY027 36C 6,636.74,17275300.84,1161.5081165311653,17.712,54390784.8324515,7806074.477198287,0.14351832762194125,524.7681165311653,-50,36
GTY027 36C 6 02 m-25.csv,193000000,925.19,248.22,GTY027 36C 6,636.74,12068123.7,1269.1202009131614,11.3233,60131904.76190476,6013799.218106995,0.10001012344310278,632.3802009131614,-25,36
GTY027 36C 6 02 m-35.csv,193000000,925.19,248.22,GTY027 36C 6,636.74,13662323.51,1255.8546206683645,12.956999999999999,60131904.76190476,6737102.662299487,0.11203873698954618,619.1146206683645,-35,36
GTY027 36C 6 02 m-50.csv,193000000,925.19,248.22,GTY027 36C 6,636.74,16995991.08,1228.2973470873787,16.48,60131904.76190476,8187507.41580583,0.13615912298512192,591.5573470873787,-50,36
GTY027 36C 6 03 m-25.csv,181000000,887.67,243.25,GTY027 36C 6,636.74,13674312.41,1211.6226900758816,13.442,51262889.47677836,6489941.311833375,0.12660116076315328,574.8826900758816,-25,36
GTY027 36C 6 03 m-35.csv,181000000,887.67,243.25,GTY027 36C 6,636.74,16115372.92,1199.4780727409077,16.002,51262889.47677836,7562723.305618546,0.14752822914994665,562.7380727409077,-35,36
GTY027 36C 6 03 m-50.csv,181000000,887.67,243.25,GTY027 36C 6,636.74,21524133.69,1169.028592089055,21.919,51262889.47677836,9798634.122784916,0.19114478763869938,532.2885920890551,-50,36
GTY027 36C 6 04 m-25.csv,193000000,919.2,249.9,GTY027 36C 6,636.74,6639590.46,1245.226513706606,6.3546,59281728.39506174,3247407.7433442497,0.05477923520891749,608.486513706606,-25,36
GTY027 36C 6 04 m-35.csv,193000000,919.2,249.9,GTY027 36C 6,636.74,7612955.36,1238.090471611784,7.3217,59281728.39506174,3697747.3318216167,0.06237583538690557,601.3504716117841,-35,36
GTY027 36C 6 04 m-50.csv,193000000,919.2,249.9,GTY027 36C 6,636.74,9966453.43,1226.648193884513,9.6738,59281728.39506174,4792688.2388510965,0.08084595993746928,589.9081938845129,-50,36
GTY027 36C 6 05 m-25.csv,166000000,908.97,217.42,GTY027 36C 6,636.74,19972448.23,1250.4607034869352,19.0167,49708781.89300412,9801748.972873101,0.1971834472623151,613.7207034869352,-25,36
GTY027 36C 6 05 m-35.csv,166000000,908.97,217.42,GTY027 36C 6,636.74,23878369.5,1218.4071850899745,23.34,49708781.89300412,11401790.627362061,0.22937175672306545,581.6671850899745,-35,36
GTY027 36C 6 05 m-50.csv,166000000,908.97,217.42,GTY027 36C 6,636.74,32643232,1161.8,33.46,49708781.89300412,14754772.486772485,0.2968242617276653,525.06,-50,36
GTY027 36C 8 01 m-25.csv,186000000,771.93,287.5,GTY027 36C 8,650.35,2873887.45,914.0936835639121,3.7442,29356051.06240025,829351.7258755352,0.028251474427287104,263.7436835639121,-25,36
GTY027 36C 8 01 m-35.csv,186000000,771.93,287.5,GTY027 36C 8,650.35,3590047.69,905.2012773173369,4.7177,29356051.06240025,1009752.1382380114,0.03439672918171612,254.8512773173369,-35,36
GTY027 36C 8 01 m-50.csv,186000000,771.93,287.5,GTY027 36C 8,650.35,5497103.51,883.1869264349232,7.422,29356051.06240025,1451344.3083900223,0.04943935767467477,232.83692643492316,-50,36
GTY027 36C 8 02 m-25.csv,190000000,749.37,301.68,GTY027 36C 8,650.35,7438448.06,848.1838716877743,10.4386,25088060.468631893,1734365.2078609224,0.06913109963320736,197.83387168777426,-25,36
GTY027 36C 8 02 m-35.csv,190000000,749.37,301.68,GTY027 36C 8,650.35,9386037.3,846.6426165363399,13.1976,25088060.468631893,2175687.776937935,0.0867220397391118,196.2926165363399,-35,36
GTY027 36C 8 02 m-50.csv,190000000,749.37,301.68,GTY027 36C 8,650.35,18582756.31,849.9602083013185,26.0296,25088060.468631893,4363629.695137314,0.17393252462035666,199.6102083013185,-50,36
GTY027 36C 8 03 m-25.csv,127000000,725.56,207.99,GTY027 36C 8,650.35,546339.53,851.0040871613662,0.7641,13137589.569160985,128764.41421012841,0.009801220652560833,200.6540871613662,-25,36
GTY027 36C 8 03 m-35.csv,127000000,725.56,207.99,GTY027 36C 8,650.35,833604.68,849.7476534543275,1.1681000000000001,13137589.569160985,195612.99991601577,0.014889565462997512,199.3976534543275,-35,36
GTY027 36C 8 03 m-50.csv,127000000,725.56,207.99,GTY027 36C 8,650.35,1632122.53,838.7194698275863,2.32,13137589.569160985,367025.4220206602,0.027937044317643406,188.36946982758627,-50,36
GTY027 36C 8 04 m-25.csv,129000000,748.78,204.46,GTY027 36C 8,650.35,1963741.38,890.9851220256253,2.6224,16901820.609725364,529975.2616108168,0.03135610499296551,240.63512202562526,-25,36
GTY027 36C 8 04 m-35.csv,129000000,748.78,204.46,GTY027 36C 8,650.35,2390231.29,887.2376713866882,3.2062,16901820.609725364,637867.8525237254,0.037739594287061244,236.88767138668823,-35,36
GTY027 36C 8 04 m-50.csv,129000000,748.78,204.46,GTY027 36C 8,650.35,3505861.25,870.1600000000001,4.8,16901820.609725364,886107.3318216177,0.052426738650376434,219.81000000000006,-50,36
